Country,Year,Status of country,Life Expectancy ,Adult Mortality,Infant Deaths,Alcohol,Hepatitis B,Measles ,Polio,Diphtheria , HIV/AIDS,Under-five Deaths , BMI ,Population,GDP, thinness  1-19 years, thinness 5-9 years,Schooling
Afghanistan,2015,Developing,65,263,62,0.01,65,1154,6,65,0.1,83,19.1,33736494,584.25921,17.2,17.3,10.1
Afghanistan,2014,Developing,59.9,271,64,0.01,62,492,58,62,0.1,86,18.6,327582,612.696514,17.5,17.5,10
Afghanistan,2013,Developing,59.9,268,66,0.01,64,430,62,64,0.1,89,18.1,31731688,631.744976,17.7,17.7,9.9
Afghanistan,2012,Developing,59.5,272,69,0.01,67,2787,67,67,0.1,93,17.6,3696958,669.959,17.9,18,9.8
Afghanistan,2011,Developing,59.2,275,71,0.01,68,3013,68,68,0.1,97,17.2,2978599,63.537231,18.2,18.2,9.5
Afghanistan,2010,Developing,58.8,279,74,0.01,66,1989,66,66,0.1,102,16.7,2883167,553.32894,18.4,18.4,9.2
Afghanistan,2009,Developing,58.6,281,77,0.01,63,2861,63,63,0.1,106,16.2,284331,445.8932979,18.6,18.7,8.9
Afghanistan,2008,Developing,58.1,287,80,0.03,64,1599,64,64,0.1,110,15.7,2729431,373.3611163,18.8,18.9,8.7
Afghanistan,2007,Developing,57.5,295,82,0.02,63,1141,63,63,0.1,113,15.2,26616792,369.835796,19,19.1,8.4
Afghanistan,2006,Developing,57.3,295,84,0.03,64,1990,58,58,0.1,116,14.7,2589345,272.56377,19.2,19.3,8.1
Afghanistan,2005,Developing,57.3,291,85,0.02,66,1296,58,58,0.1,118,14.2,257798,25.2941299,19.3,19.5,7.9
Afghanistan,2004,Developing,57,293,87,0.02,67,466,5,5,0.1,120,13.8,24118979,219.1413528,19.5,19.7,6.8
Afghanistan,2003,Developing,56.7,295,87,0.01,65,798,41,41,0.1,122,13.4,2364851,198.7285436,19.7,19.9,6.5
Afghanistan,2002,Developing,56.2,3,88,0.01,64,2486,36,36,0.1,122,13,21979923,187.84595,19.9,2.2,6.2
Afghanistan,2001,Developing,55.3,316,88,0.01,63,8762,35,33,0.1,122,12.6,2966463,117.49698,2.1,2.4,5.9
Afghanistan,2000,Developing,54.8,321,88,0.01,62,6532,24,24,0.1,122,12.2,293756,114.56,2.3,2.5,5.5
Albania,2015,Developing,77.8,74,0,4.6,99,0,99,99,0.1,0,58,28873,3954.22783,1.2,1.3,14.2
Albania,2014,Developing,77.5,8,0,4.51,98,0,98,98,0.1,1,57.2,288914,4575.763787,1.2,1.3,14.2
Albania,2013,Developing,77.2,84,0,4.76,99,0,99,99,0.1,1,56.5,289592,4414.72314,1.3,1.4,14.2
Albania,2012,Developing,76.9,86,0,5.14,99,9,99,99,0.1,1,55.8,2941,4247.61438,1.3,1.4,14.2
Albania,2011,Developing,76.6,88,0,5.37,99,28,99,99,0.1,1,55.1,295195,4437.17868,1.4,1.5,13.3
Albania,2010,Developing,76.2,91,1,5.28,99,10,99,99,0.1,1,54.3,291321,494.358832,1.4,1.5,12.5
Albania,2009,Developing,76.1,91,1,5.79,98,0,98,98,0.1,1,53.5,2927519,4114.136545,1.5,1.6,12.2
Albania,2008,Developing,75.3,1,1,5.61,99,0,99,99,0.1,1,52.6,2947314,437.539647,1.6,1.6,12
Albania,2007,Developing,75.9,9,1,5.58,98,22,99,98,0.1,1,51.7,29717,363.13685,1.6,1.7,11.6
Albania,2006,Developing,74.2,99,1,5.31,98,68,97,97,0.1,1,5.8,2992547,35.1293,1.7,1.8,11.4
Albania,2005,Developing,73.5,15,1,5.16,98,6,97,98,0.1,1,49.9,311487,279.142931,1.8,1.8,10.8
Albania,2004,Developing,73,17,1,4.54,99,7,98,97,0.1,1,48.9,326939,2416.588235,1.8,1.9,10.9
Albania,2003,Developing,72.8,18,1,4.29,97,8,97,97,0.1,1,47.9,339616,189.681557,1.9,2,10.7
Albania,2002,Developing,73.3,15,1,3.73,96,16,98,98,0.1,1,46.9,3511,1453.642777,2,2.1,10.7
Albania,2001,Developing,73.6,14,1,4.25,96,18,97,97,0.1,1,46,36173,1326.97339,,2.1,10.6
Albania,2000,Developing,72.6,11,1,3.66,96,662,97,97,0.1,1,45,38927,1175.788981,,2.2,10.7
Algeria,2015,Developing,75.6,19,21,,95,63,95,95,0.1,24,59.5,39871528,4132.76292,,5.8,14.4
Algeria,2014,Developing,75.4,11,21,0.01,95,0,95,95,0.1,24,58.4,39113313,547.8517,,5.8,
Algeria,2013,Developing,75.3,112,21,0.53,95,25,95,95,0.1,24,57.2,38338562,5471.866766,,5.8,
Algeria,2012,Developing,75.1,113,21,0.66,95,18,95,95,0.1,24,56.1,37565847,5564.82566,,5.8,
Algeria,2011,Developing,74.9,116,21,0.56,95,112,95,95,0.1,24,55,36819558,5432.2523,,5.8,
Algeria,2010,Developing,74.7,119,21,0.45,95,103,95,95,0.1,24,53.9,36117637,4463.394675,,5.8,
Algeria,2009,Developing,74.4,123,20,0.5,94,107,94,95,0.1,23,52.8,3546576,3868.83123,,5.9,
Algeria,2008,Developing,74.1,126,20,0.46,91,217,92,93,0.1,23,51.8,3486715,495.254866,,5.9,
Algeria,2007,Developing,73.8,129,20,0.44,9,0,95,95,0.1,23,5.8,34376,3935.183343,,5.9,
Algeria,2006,Developing,73.4,132,20,0.36,8,944,95,95,0.1,23,49.8,33777915,3464.6179,,6,
Algeria,2005,Developing,72.9,136,19,0.5,83,2302,88,88,0.1,22,48.9,33288437,31.122378,,6,
Algeria,2004,Developing,72.3,14,19,0.45,81,3289,86,86,0.1,23,47.9,3283196,2598.9823,,6.1,
Algeria,2003,Developing,71.7,146,20,0.34,,15374,87,87,0.1,23,47,3243514,294.33556,,6.1,
Algeria,2002,Developing,71.6,145,20,0.36,,5862,86,86,0.1,23,46.1,3199546,1774.33673,,6.2,
Algeria,2001,Developing,71.4,145,20,0.23,,2686,89,89,0.1,24,45.3,31592153,1732.857979,,6.3,
Algeria,2000,Developing,71.3,145,21,0.25,,0,86,86,0.1,25,44.4,3118366,1757.17797,,6.4,
Argentina,2015,Developing,76.3,116,8,,94,0,93,94,0.1,9,62.8,2785935,13467.1236,,0.9,
Argentina,2014,Developing,76.2,118,8,7.93,94,1,92,94,0.1,9,62.2,2692466,12245.25645,,0.9,
Argentina,2013,Developing,76,119,8,8.28,94,0,99,94,0.1,10,61.6,2599834,12976.63642,,0.9,17.3
Argentina,2012,Developing,75.9,12,9,8.35,91,2,99,91,0.1,10,61,259615,12969.7712,,0.9,17.2
Argentina,2011,Developing,75.7,12,9,8.11,91,3,93,91,0.1,10,6.4,24218565,12726.9836,,0.9,17.1
Argentina,2010,Developing,75.5,121,10,8.15,94,17,95,94,0.1,11,59.8,23369131,1276.265,,0.9,16.8
Argentina,2009,Developing,75.6,126,10,8.33,94,3,97,94,0.1,11,59.2,22549547,8161.36966,,0.9,16.5
Argentina,2008,Developing,75.4,126,10,8.41,9,0,94,93,0.1,11,58.6,2175942,8953.359275,,0.9,16.3
Argentina,2007,Developing,74.8,129,10,8.16,85,0,92,91,0.1,12,58,2997687,7193.61764,,0.9,16.3
Argentina,2006,Developing,75.2,127,11,7.75,84,0,92,91,0.1,12,57.5,2262399,5878.76127,,0.9,16.1
Argentina,2005,Developing,74.9,127,11,7.53,88,0,95,98,0.1,12,56.9,19552542,576.883829,,1,16.3
Argentina,2004,Developing,74.7,13,11,7.63,81,0,91,98,0.1,12,56.3,18865716,4251.574348,,1,16.3
Argentina,2003,Developing,74.1,137,11,7.62,73,0,95,96,0.1,13,55.7,1823369,333.4376,,1,16.4
Argentina,2002,Developing,74.1,138,12,7.81,66,0,94,93,0.1,13,55.1,17572649,2579.193168,,1,16.3
Argentina,2001,Developing,74,138,12,7.76,,0,85,83,0.1,13,54.6,16983266,717.694674,,1.1,15.6
Argentina,2000,Developing,74.1,137,12,7.68,,6,88,83,0.1,14,54,1644924,7669.273916,,1.1,15
Australia,2015,Developed,82.8,59,1,,93,74,93,93,0.1,1,66.6,,56554.3876,,0.6,20.4
Australia,2014,Developed,82.7,6,1,9.71,91,340,92,92,0.1,1,66.1,,62214.6912,,0.6,20.4
Australia,2013,Developed,82.5,61,1,9.87,91,158,91,91,0.1,1,65.5,,67792.3386,,0.6,20.3
Australia,2012,Developed,82.3,61,1,10.03,91,199,92,92,0.1,1,65,,67677.63477,,0.6,20.1
Australia,2011,Developed,82,63,1,10.3,92,190,92,92,0.1,1,64.4,,62245.129,,0.6,19.8
Australia,2010,Developed,81.9,64,1,10.52,92,70,92,92,0.1,1,63.9,,51874.848,,0.6,19.5
Australia,2009,Developed,81.7,66,1,10.62,94,104,92,92,0.1,1,63.4,,42742.99898,,0.6,19.1
Australia,2008,Developed,81.3,66,1,10.76,94,65,92,92,0.1,1,62.9,,49664.6854,,0.6,19.1
Australia,2007,Developed,81.3,66,1,10.56,94,11,92,92,0.1,2,62.5,,4991.98289,,0.6,19
Australia,2006,Developed,81.2,66,1,10.31,95,0,92,92,0.1,2,62,,36118.28381,,0.6,
Australia,2005,Developed,81,67,1,10.3,95,10,92,92,0.1,2,61.5,,3416.71483,,0.6,
Australia,2004,Developed,86,69,1,9.84,95,70,92,92,0.1,1,6.9,,3472.37977,,0.6,
Australia,2003,Developed,83,71,1,9.97,95,91,92,93,0.1,1,6.3,,23465.38559,,0.7,
Australia,2002,Developed,79.9,73,1,9.84,95,32,92,92,0.1,2,59.6,,281.81763,,0.7,
Australia,2001,Developed,79.9,75,1,9.53,94,141,91,92,0.1,2,59,,19517.84168,,0.7,
Australia,2000,Developed,79.5,78,1,10.17,,108,9,9,0.1,2,58.2,,2169.921,,0.7,
Austria,2015,Developed,81.5,65,0,,93,309,93,93,0.1,0,57.6,43417765,43665.947,,2.1,
Austria,2014,Developed,81.4,66,0,12.32,98,117,98,98,0.1,0,57.1,42981515,51322.63997,,2,
Austria,2013,Developed,81.1,68,0,11.82,95,0,95,95,0.1,0,56.6,42539925,554.71532,,2,
Austria,2012,Developed,88,7,0,12.26,92,36,92,92,0.1,0,56.1,4296739,48333.57273,,2,
Austria,2011,Developed,88,73,0,12.04,89,68,89,89,0.1,0,55.7,41656879,51126.74139,,2,
Austria,2010,Developed,84,75,0,12.1,86,52,86,86,0.1,0,55.2,41223889,46657.629,,1.9,
Austria,2009,Developed,82,77,0,11.3,83,49,83,83,0.1,0,54.7,479947,47654.18721,,1.9,
Austria,2008,Developed,84,76,0,12,83,448,83,83,0.1,0,54.2,4382389,51386.37665,,1.9,
Austria,2007,Developed,81,8,0,12.5,85,20,85,85,0.1,0,53.7,3997224,46586.6525,,1.9,
Austria,2006,Developed,79.8,81,0,12.4,83,23,83,83,0.1,0,53.2,3955889,443.99361,,1.9,
Austria,2005,Developed,79.4,85,0,12.4,86,9,86,86,0.1,0,52.7,39145488,38242.4252,,1.9,
Austria,2004,Developed,79.3,86,0,12.1,83,15,83,83,0.1,0,52.2,38728696,36693.4262,,1.9,
Austria,2003,Developed,78.8,88,0,12.2,83,90,84,84,0.1,0,51.7,3839379,3212.9355,,1.9,
Austria,2002,Developed,78.7,9,0,12.5,81,0,82,83,0.1,0,51.2,3788937,26351.37568,,1.9,
Austria,2001,Developed,78.6,92,0,12.4,44,0,83,84,0.1,0,5.6,3747159,24489.73553,,1.9,
Austria,2000,Developed,78.1,96,0,13.2,33,0,71,81,0.1,0,5.1,3757452,24517.26745,,1.9,
Bahamas,2015,Developing,76.1,147,0,,95,0,95,95,0.1,0,64.5,291695,,,2.5,
Bahamas,2014,Developing,75.4,16,0,9.45,96,0,96,96,0.1,0,63.8,29622,,,2.5,
Bahamas,2013,Developing,74.8,172,0,9.42,97,0,97,97,0.1,0,63.2,289359,,,2.5,
Bahamas,2012,Developing,74.9,167,0,9.5,96,0,99,98,0.2,0,62.6,2881922,,,2.5,
Bahamas,2011,Developing,75,162,0,9.34,95,0,97,98,0.1,0,62,2875581,,,2.5,
Bahamas,2010,Developing,75,161,0,9.19,98,0,97,99,0.2,0,61.3,2877311,,,2.5,
Bahamas,2009,Developing,74.6,168,0,9.29,95,0,97,96,0.1,0,6.7,2888584,,,2.5,
Bahamas,2008,Developing,74.5,167,0,10.15,9,0,93,93,0.1,0,6.1,29822,,,2.5,
Bahamas,2007,Developing,74.4,167,0,10.75,93,0,95,95,0.1,0,59.4,293356,,,2.5,
Bahamas,2006,Developing,74.2,171,0,11.07,96,0,94,95,0.1,0,58.7,29585,,,2.5,
Bahamas,2005,Developing,74.1,172,0,10.49,93,0,93,93,0.1,0,58.1,2981259,,,2.5,
Bahamas,2004,Developing,73.8,174,0,10.1,93,0,92,93,0.1,0,57.4,3612,,,,
Bahamas,2003,Developing,73.2,189,0,10.68,88,0,93,92,0.1,0,56.7,31786,,,,
Bahamas,2002,Developing,73.1,19,0,10.85,89,0,93,94,0.1,0,56,333897,,,,
Bahamas,2001,Developing,72.9,189,0,11.64,21,0,98,99,0.2,0,55.2,35655,,,,
Bahamas,2000,Developing,72.6,192,0,12.15,,0,91,99,0.1,0,54.4,369588,,,,
Bangladesh,2015,Developing,71.8,129,92,,97,240,97,97,0.1,113,18.3,23789338,121.15812,,,
Bangladesh,2014,Developing,71.4,132,98,0.01,97,289,97,97,0.1,121,17.7,2346694,184.56543,,,
Bangladesh,2013,Developing,71,135,104,0.01,96,237,96,96,0.1,130,17,23117353,951.8894535,,,
Bangladesh,2012,Developing,77,137,111,0.01,94,1986,94,94,0.1,139,16.4,22728254,856.342857,,,
Bangladesh,2011,Developing,73,14,118,0.01,96,5625,96,96,0.1,150,15.8,223424,835.789341,,,9.4
Bangladesh,2010,Developing,69.9,142,126,0.01,94,788,94,94,0.1,161,15.2,223175,757.6717572,,,8.9
Bangladesh,2009,Developing,69.5,144,135,0.01,97,718,97,97,0.1,173,14.6,216917,681.125368,,,8.4
Bangladesh,2008,Developing,69.1,147,144,0.01,96,2660,96,96,0.1,186,14,212492,615.7775411,,,8.6
Bangladesh,2007,Developing,68.6,151,154,0.01,95,2924,96,94,0.1,201,13.5,28276,541.651484,,,8.6
Bangladesh,2006,Developing,68.2,152,164,0.01,86,6192,95,94,0.1,215,13,26979,494.51466,,,8.4
Bangladesh,2005,Developing,67.8,155,174,0.01,45,25934,94,93,0.1,231,12.5,23948,484.155471,,,8.2
Bangladesh,2004,Developing,67.3,158,185,0.01,11,9743,88,99,0.1,247,12,21274,46.7579167,,,8.1
Bangladesh,2003,Developing,66.8,161,196,0.01,5,4067,9,87,0.1,264,11.6,198954,432.7388972,,,7.9
Bangladesh,2002,Developing,66.3,164,207,0.01,,3484,83,83,0.1,280,11.2,196514,4.6135745,,,7.7
Bangladesh,2001,Developing,65.8,168,219,0.01,,4414,85,85,0.1,298,1.8,19413,42.5981152,,,7.5
Bangladesh,2000,Developing,65.3,173,231,0.01,,5098,83,82,0.1,316,1.4,19153,45.63371,,,7.3
Belgium,2015,Developed,81.1,74,0,,98,47,99,99,0.1,1,63.7,8633169,4356.875,,,16.6
Belgium,2014,Developed,89,76,0,12.6,98,70,99,99,0.1,1,63.4,8541575,47439.39684,,,16.3
Belgium,2013,Developed,87,77,0,11.77,98,39,99,99,0.1,1,63,8479375,4651.38647,,,16.3
Belgium,2012,Developed,83,78,0,10.08,98,109,99,99,0.1,1,62.6,8429991,4474.5717,,,16.2
Belgium,2011,Developed,83,8,0,10.11,97,576,98,98,0.1,1,62.3,8391643,4772.77415,,,16.1
Belgium,2010,Developed,80,81,0,10.22,97,40,98,98,0.1,1,61.9,836344,4438.23741,,,15.9
Belgium,2009,Developed,79.8,85,0,10.05,97,33,98,98,0.1,1,61.6,8343323,4488.5615,,,15.8
Belgium,2008,Developed,79.5,87,0,10.47,98,98,99,99,0.1,1,61.3,8321496,48424.58927,,,15.8
Belgium,2007,Developed,79.5,86,0,10.25,94,64,99,98,0.1,1,6.9,8295487,4443.83131,,,15.8
Belgium,2006,Developed,79.4,85,0,10.98,94,15,99,98,0.1,1,6.6,8268641,38852.3613,,,15.7
Belgium,2005,Developed,78.9,89,0,12.27,77,26,97,97,0.1,1,6.2,8227829,36967.28292,,,15.7
Belgium,2004,Developed,78.8,91,1,12.05,64,61,96,95,0.1,1,59.8,8171966,35589.71295,,,
Belgium,2003,Developed,78.3,95,0,11.28,64,44,96,95,0.1,1,59.4,8121423,3743.95693,,,
Belgium,2002,Developed,78,99,1,11.29,6,0,96,95,0.1,1,59,881957,2552.3328,,,
Belgium,2001,Developed,78,1,1,11.01,6,83,96,95,0.1,1,58.5,842293,23121.56635,,,
Belgium,2000,Developed,77.6,11,1,11.21,6,0,96,95,0.1,1,58.1,811566,2327.4591,,,
Bhutan,2015,Developing,69.8,211,0,,99,11,98,99,0.5,0,24.5,9649341,2613.645177,,,
Bhutan,2014,Developing,69.4,216,0,0.01,99,0,98,99,0.5,1,23.6,953579,2522.7968,,,
Bhutan,2013,Developing,69.1,219,0,0.01,97,0,97,97,0.6,1,22.7,941681,235.882889,,,
Bhutan,2012,Developing,68.7,223,0,0.01,97,1,97,97,0.6,1,21.9,9295784,2422.816,,,
Bhutan,2011,Developing,68.3,225,0,0.23,95,10,95,95,0.5,1,21.1,917382,2458.45976,,,
Bhutan,2010,Developing,67.9,228,1,0.28,91,21,92,91,0.5,1,2.3,954332,2178.921383,,,
Bhutan,2009,Developing,67.4,232,1,0.17,93,6,93,93,0.4,1,19.5,8947243,177.234497,,,
Bhutan,2008,Developing,67,234,1,0.21,96,7,96,96,0.4,1,18.8,87634,1795.18137,,,
Bhutan,2007,Developing,66.5,238,1,0.16,95,11,93,95,0.3,1,18,85813,1741.142552,,,
Bhutan,2006,Developing,65.8,245,1,0.29,95,2,96,95,0.3,1,17.4,848455,1335.45696,,,
Bhutan,2005,Developing,65,254,1,0.73,95,11,95,95,0.3,1,16.7,839185,1247.61392,,,
Bhutan,2004,Developing,64.2,263,1,0.96,89,3,9,89,0.3,1,16.1,8365,197.45788,,,
Bhutan,2003,Developing,63.3,273,1,0.52,95,0,96,95,0.2,1,15.5,82341,997.7417141,,,
Bhutan,2002,Developing,62.5,282,1,0.29,83,27,89,86,0.1,1,14.9,817195,885.6382245,,,
Bhutan,2001,Developing,61.7,29,1,0.14,89,756,88,88,0.1,1,14.4,81112,87.9387673,,,7.6
Bhutan,2000,Developing,62,312,1,0.17,98,418,98,92,0.1,1,13.9,8486,765.8632358,,,7.3
Brazil,2015,Developing,75,142,42,,96,214,98,96,0.1,47,56.1,,8757.2622,,,15.2
Brazil,2014,Developing,74.8,144,44,7.32,96,876,96,93,0.1,49,55.3,,1226.61731,,,15.2
Brazil,2013,Developing,74.7,146,46,7.24,96,220,96,97,0.1,52,54.5,,12216.9446,,,14.2
Brazil,2012,Developing,74.5,148,49,7.55,96,2,96,95,0.1,54,53.6,,12291.46685,,,14.2
Brazil,2011,Developing,74.1,152,51,7.58,98,43,98,99,0.1,57,52.8,,13167.47289,,,14
Brazil,2010,Developing,73.8,154,54,7.52,96,68,99,99,0.1,61,52,,11224.1548,,,13.8
Brazil,2009,Developing,73.6,157,57,7.33,99,0,99,99,0.1,64,51.1,,8553.3847,,,13.8
Brazil,2008,Developing,73.4,158,61,7.21,96,0,99,99,0.1,68,5.3,,8787.61375,,,13.3
Brazil,2007,Developing,73.3,159,65,7.19,99,0,99,99,0.1,73,49.4,,7313.557962,,,
Brazil,2006,Developing,73,161,70,7.1,99,57,99,99,0.1,79,48.6,,586.145975,,,
Brazil,2005,Developing,72.7,163,75,6.97,98,6,99,99,0.1,85,47.8,,477.182746,,,
Brazil,2004,Developing,72,17,81,6.85,96,0,99,99,0.1,93,46.9,,3623.47667,,,
Brazil,2003,Developing,71.8,172,88,6.95,97,2,99,99,0.1,100,46.1,,359.587582,,,
Brazil,2002,Developing,71.4,176,95,7,92,1,99,99,0.1,109,45.3,,2819.649531,,,
Brazil,2001,Developing,71,179,103,7.13,91,1,99,98,0.1,118,44.5,,3146.95177,,,
Brazil,2000,Developing,75,183,111,7.26,94,36,99,98,0.1,127,43.7,,3739.11936,,,
Bulgaria,2015,Developed,74.5,137,0,,92,0,91,91,0.1,1,65.7,,6993.47736,,,
Bulgaria,2014,Developed,74.3,138,1,12.03,95,0,88,88,0.1,1,65.1,,7853.335191,,,
Bulgaria,2013,Developed,74.1,14,1,12.06,95,14,95,95,0.1,1,64.5,,7674.86559,,,
Bulgaria,2012,Developed,73.9,139,1,10.99,95,1,95,95,0.1,1,63.9,,7378.25539,,,
Bulgaria,2011,Developed,73.7,144,1,10.67,96,157,95,95,0.1,1,63.3,,7813.83499,,,
Bulgaria,2010,Developed,73.4,147,1,10.8,95,22004,94,94,0.1,1,62.7,,6843.263289,,,
Bulgaria,2009,Developed,73.2,152,1,10.93,96,2249,94,94,0.1,1,62.1,,6955.987733,,,
Bulgaria,2008,Developed,72.9,155,1,10.98,96,1,96,95,0.1,1,61.5,,7296.122479,,,
Bulgaria,2007,Developed,72.6,157,1,10.89,95,1,95,95,0.1,1,6.9,,5932.899677,,,
Bulgaria,2006,Developed,72.2,161,1,10.39,96,1,96,95,0.1,1,6.3,,4513.13628,,,
Bulgaria,2005,Developed,72.1,16,1,10.48,96,3,97,96,0.1,1,59.7,,3893.68998,,,
Bulgaria,2004,Developed,72.2,157,1,10.96,94,0,94,95,0.1,1,59.1,,3381.57837,,,
Bulgaria,2003,Developed,72,155,1,11.19,96,0,96,96,0.1,1,58.6,,271.46824,,,
Bulgaria,2002,Developed,71.8,157,1,10.2,88,0,94,93,0.1,1,58.1,,287.534843,,,
Bulgaria,2001,Developed,71.6,16,1,10.72,93,8,94,94,0.1,1,57.5,,1764.97387,,,
Bulgaria,2000,Developed,71.1,163,1,9.69,94,46,94,93,0.1,1,57,,169.28586,,,
Cambodia,2015,Developing,68.7,174,10,,89,0,87,89,0.2,12,19.6,1612886,1163.18977,,,
Cambodia,2014,Developing,68.3,179,11,0.01,88,0,87,88,0.2,12,18.9,15945279,198.687123,,,
Cambodia,2013,Developing,67.8,183,11,0.01,83,0,66,83,0.2,13,18.2,157571292,128.419568,,,
Cambodia,2012,Developing,67.4,186,12,0.01,86,15,84,86,0.3,14,17.6,15572753,95.244132,,,
Cambodia,2011,Developing,67,19,13,2.12,88,722,87,88,0.3,15,17,153911916,882.491462,,,
Cambodia,2010,Developing,66.6,192,14,2.2,89,1156,88,89,0.5,16,16.4,15214912,785.6928841,,,
Cambodia,2009,Developing,66.1,195,15,2.13,92,4779,95,94,0.6,17,15.9,1545478,738.2326684,,,
Cambodia,2008,Developing,65.6,199,16,2.24,91,4211,91,91,0.7,18,15.3,14885814,745.7877873,,,
Cambodia,2007,Developing,65,24,16,2.08,82,394,82,82,0.9,20,14.8,147139191,631.675789,,,
Cambodia,2006,Developing,64.1,216,17,2.03,8,188,8,8,1.1,21,14.3,1453684,539.8791529,,,
Cambodia,2005,Developing,62.9,234,18,1.99,,264,82,82,1.4,22,13.9,14343111,474.2238766,,,
Cambodia,2004,Developing,61.5,253,19,1.38,,352,86,85,1.7,24,13.5,14137489,48.615184,,,
Cambodia,2003,Developing,63,268,21,1.44,,653,69,69,1.9,26,13.1,139191,362.4213785,,,
Cambodia,2002,Developing,59.3,273,23,1.43,,1361,54,54,2.1,29,12.8,1366667,339.676984,,,
Cambodia,2001,Developing,58.5,273,25,1.71,,3761,59,6,2.2,33,12.4,1341716,321.22634,,,
Cambodia,2000,Developing,57.7,274,27,1.51,,12237,62,59,2.1,36,12.1,131581243,3.685949,,,
Cameroon,2015,Developing,57.3,357,45,,84,1809,83,84,3.5,68,29,,1244.429421,,,
Cameroon,2014,Developing,56.7,366,47,0.01,87,831,86,87,3.7,71,28.4,,1441.1417,,,10.4
Cameroon,2013,Developing,56.4,364,48,0.01,89,760,88,89,4,73,27.8,,1365.34419,,,10.4
Cameroon,2012,Developing,55.9,369,50,0.01,85,609,85,85,4.6,76,27.2,,1255.648189,,,10.4
Cameroon,2011,Developing,55.6,371,51,6.19,82,504,8,82,4.9,79,26.6,,1295.649726,,,
Cameroon,2010,Developing,55.3,37,53,6.15,84,240,83,84,5.5,82,26,,1182.869227,,,
Cameroon,2009,Developing,54.8,373,54,5.89,8,251,79,8,6.3,85,25.4,,123.19538,,,
Cameroon,2008,Developing,54.2,382,56,5.9,84,495,82,84,6.7,87,24.9,,1233.524316,,,
Cameroon,2007,Developing,53.6,395,57,5.44,82,100,81,82,7,89,24.4,,111.71186,,,
Cameroon,2006,Developing,53.3,394,58,5.22,81,196,78,81,7.2,91,23.8,,12.989164,,,
Cameroon,2005,Developing,52.8,4,58,5.03,79,605,79,8,7.4,93,23.3,,952.1872484,,,
Cameroon,2004,Developing,52.1,412,59,4.71,,358,72,73,7.5,94,22.8,,93.211716,,,
Cameroon,2003,Developing,51.8,412,60,4.64,,899,72,73,7.7,95,22.3,,824.8689393,,,
Cameroon,2002,Developing,51.6,47,60,4.58,,1448,66,66,7.8,97,21.8,,676.397661,,,
Cameroon,2001,Developing,51.5,41,61,4.43,,23934,61,63,7.9,99,21.3,,614.6729339,,,
Cameroon,2000,Developing,51.4,394,62,3.91,,14629,57,62,7.7,100,2.9,,68.414399,,,
Canada,2015,Developing,82.2,64,2,,55,195,91,91,0.1,2,67,9489616,43315.744,,,
Canada,2014,Developing,82,65,2,8.1,55,418,91,91,0.1,2,66.4,9474511,544.43376,,,
Canada,2013,Developing,81.8,67,2,8.2,55,83,91,91,0.1,2,65.8,9465997,52413.72116,,,
Canada,2012,Developing,81.6,68,2,8.3,7,10,99,95,0.1,2,65.3,9464495,52496.69487,,,
Canada,2011,Developing,81.5,68,2,8.2,7,803,87,87,0.1,2,64.7,9473172,5282.2176,,,
Canada,2010,Developing,81.2,7,2,8.4,56,99,88,89,0.1,2,64.1,949583,47447.4762,,,
Canada,2009,Developing,81,72,2,8.4,42,14,89,91,0.1,2,63.6,956765,4773.45436,,,
Canada,2008,Developing,87,74,2,8.3,28,62,89,92,0.1,2,63,9527985,46596.33599,,,
Canada,2007,Developing,85,74,2,8.3,14,101,9,94,0.1,2,62.5,956953,44544.5268,,,
Canada,2006,Developing,85,75,2,8.2,14,13,95,95,0.1,2,61.9,964924,4386.69948,,,
Canada,2005,Developing,81,76,2,8,14,6,93,93,0.1,2,61.3,9663915,36189.58838,,,
Canada,2004,Developing,80,77,2,7.8,14,7,91,91,0.1,2,6.6,973146,31979.87195,,,
Canada,2003,Developing,79.7,78,2,7.7,14,15,88,91,0.1,2,6,9796749,28172.14883,,,
Canada,2002,Developing,79.5,79,2,7.7,,6,88,88,0.1,2,59.3,9865548,24167.8431,,,
Canada,2001,Developing,79.4,8,2,7.6,,34,88,89,0.1,2,58.5,9928549,23691.59472,,,
Canada,2000,Developing,79.1,82,2,7.6,,206,88,89,0.1,2,57.8,997961,24124.16917,,,
Chile,2015,Developing,85,82,2,,97,9,96,96,0.1,2,63.8,11274196,13653.2264,,,
Chile,2014,Developing,83,83,2,7.16,95,0,95,95,0.1,2,63.1,112957,14817.37778,,,
Chile,2013,Developing,81,84,2,7.2,9,0,9,91,0.1,2,62.5,11182817,15941.39722,,,
Chile,2012,Developing,79.9,84,2,6.76,9,0,9,9,0.1,2,61.8,11128246,15431.9293,,,
Chile,2011,Developing,79.8,86,2,7.26,94,6,93,94,0.1,2,61.2,1147744,1475.69242,,,15.4
Chile,2010,Developing,79.1,89,2,7.93,92,0,92,92,0.1,2,6.6,1895586,1286.17764,,,15.2
Chile,2009,Developing,79.3,91,2,7.67,94,1,94,94,0.1,2,59.9,1796493,1243.32824,,,15.3
Chile,2008,Developing,79.6,88,2,7.31,95,0,95,95,0.1,2,59.3,179973,1781.3668,,,15.2
Chile,2007,Developing,78.9,9,2,7.39,92,0,95,96,0.1,2,58.7,16257,1526.87746,,,14.8
Chile,2006,Developing,78.9,91,2,7.33,95,0,94,94,0.1,2,58.1,1547958,9484.681227,,,14.9
Chile,2005,Developing,78.4,93,2,7.57,,0,92,91,0.1,2,57.4,1478617,7615.3468,,,14.6
Chile,2004,Developing,78,97,2,6.32,,0,94,93,0.1,2,56.8,1421137,621.828325,,,14.3
Chile,2003,Developing,77.9,1,2,6.37,,1,96,96,0.1,2,56.1,1376133,4787.699532,,,14
Chile,2002,Developing,77.8,11,2,6.06,,0,97,97,0.1,3,55.4,1332785,4463.545867,,,13.9
Chile,2001,Developing,77.3,16,2,6.1,,0,96,97,0.1,3,54.7,128657,4595.666327,,,13.7
Chile,2000,Developing,77.3,13,2,6.24,,0,91,91,0.1,3,54,125125,511.368479,,,13.5
China,2015,Developing,76.1,85,157,,99,42361,99,99,0.1,183,32.9,359288,869.211938,,,13.5
China,2014,Developing,75.8,86,171,5.78,99,52628,99,99,0.1,198,31.9,351694,7683.5238,,,13.1
China,2013,Developing,75.6,88,185,5.79,99,26883,99,99,0.1,216,3.9,344181,777.77594,,,12.7
China,2012,Developing,75.4,89,201,5.74,99,6183,99,99,0.1,233,3,33671,6337.882993,,,
China,2011,Developing,75.2,91,215,5.63,99,9943,99,99,0.1,251,29,329192,5633.79616,,,
China,2010,Developing,75,92,231,5.75,99,38159,99,99,0.1,268,28.1,32168,456.512487,,,
China,2009,Developing,74.9,93,248,4.88,99,52461,99,99,0.1,288,27.3,313929,3838.434292,,,
China,2008,Developing,74.5,97,266,4.27,95,131441,99,97,0.1,308,26.5,36165,3471.247547,,,
China,2007,Developing,74.4,96,285,3.88,92,109023,94,93,0.1,332,25.7,29847,2695.366223,,,
China,2006,Developing,74.2,98,307,3.28,91,99602,94,93,0.1,360,24.9,29747,299.229676,,,
China,2005,Developing,73.9,99,332,2.92,84,124219,87,87,0.1,392,24.1,283277,1753.4178,,,
China,2004,Developing,73.5,11,360,3.04,79,70549,87,87,0.1,427,23.4,27689,158.668462,,,
China,2003,Developing,73.1,13,391,2.96,75,71879,87,86,0.1,467,22.6,26913,1288.642924,,,
China,2002,Developing,72.7,16,422,2.91,7,58341,86,86,0.1,511,21.9,26226,1148.5857,,,
China,2001,Developing,72.2,11,457,2.84,65,88962,86,86,0.1,558,21.2,254984,153.1824,,,
China,2000,Developing,71.7,115,490,3.06,6,71093,86,85,0.1,608,2.5,247315,959.372181,,,
Colombia,2015,Developing,74.8,143,10,,91,1,91,91,0.1,12,57.9,1575952,644.525556,,,
Colombia,2014,Developing,74.6,144,11,4.38,9,0,9,9,0.1,12,57.2,1286712,7913.383432,,,
Colombia,2013,Developing,74.4,145,11,4.41,91,1,91,91,0.1,13,56.4,14451,83.5863,,,
Colombia,2012,Developing,74.3,143,11,4.44,92,1,91,91,0.1,13,55.7,972916,7884.984429,,,
Colombia,2011,Developing,74.2,144,12,4.37,85,6,85,85,0.1,14,55,94682,7227.73968,,,
Colombia,2010,Developing,73.6,15,12,4.28,88,0,88,88,0.1,15,54.2,9199259,625.65544,,,
Colombia,2009,Developing,73.6,15,13,4.34,92,0,92,92,0.1,15,53.5,894476,5148.422113,,,
Colombia,2008,Developing,73.5,146,14,4.45,92,0,92,92,0.1,16,52.8,8696916,5433.7245,,,
Colombia,2007,Developing,73.5,144,14,4.66,93,0,93,93,0.1,17,52,8454791,4674.21961,,,
Colombia,2006,Developing,73.1,147,15,4.53,93,0,94,93,0.1,17,51.3,8216896,379.78776,,,
Colombia,2005,Developing,73.1,144,15,4.38,93,0,93,93,0.1,18,5.5,7982225,3386.256,,,
Colombia,2004,Developing,72.8,148,16,4.26,89,0,89,89,0.1,19,49.8,7754,274.249442,,,
Colombia,2003,Developing,72.4,15,16,4.25,92,0,92,92,0.1,19,49,752555,2246.257472,,,
Colombia,2002,Developing,71.8,163,17,4.45,78,139,83,81,0.1,20,48.2,7295394,2355.725857,,,
Colombia,2001,Developing,71.5,165,17,4.43,8,3,83,8,0.1,21,47.5,776733,2395.856551,,,
Colombia,2000,Developing,71.4,167,18,4.66,78,1,82,79,0.1,21,46.7,6865951,2472.197831,,,
Congo,2015,Developing,64.7,267,7,,8,1359,8,8,2.8,10,27.4,787386,,,,
Congo,2014,Developing,64.2,275,7,0.01,9,71,9,9,3,10,26.8,776448,,,,
Congo,2013,Developing,63.9,274,7,0.01,85,124,85,85,3,10,26.2,764961,,,,11.1
Congo,2012,Developing,63.7,273,7,0.01,62,260,61,85,3.3,10,25.6,752967,,,,10.2
Congo,2011,Developing,62.9,285,7,3.82,7,315,69,82,3.5,10,25,7451,,,,10.7
Congo,2010,Developing,62,298,7,3.53,74,4,72,74,3.8,10,24.5,727641,,,,10.5
Congo,2009,Developing,68,314,7,3.47,75,1,76,78,4,11,23.9,714458,,,,10.3
Congo,2008,Developing,59.4,338,8,2.58,73,2,77,79,4.3,11,23.3,795,,,,10
Congo,2007,Developing,58.2,354,8,2.75,64,84,71,72,5,11,22.8,686958,,,,9.8
Congo,2006,Developing,56.9,368,8,2.25,,126,73,73,5.5,12,22.3,672228,,,,9.6
Congo,2005,Developing,55.3,394,8,2.03,,146,62,62,5.9,13,21.7,656639,,,,9.4
Congo,2004,Developing,54.1,48,9,2.58,,3524,67,67,6.3,13,21.2,64282,,,,9.2
Congo,2003,Developing,53.2,417,9,2.45,,3712,5,5,6.8,14,2.7,623434,,,,9.4
Congo,2002,Developing,52.6,424,9,2.55,,2788,41,41,7.2,14,2.3,66399,,,,9.5
Congo,2001,Developing,52.7,419,9,2.3,,2152,32,31,7.6,14,19.8,5896,,,,9.7
Congo,2000,Developing,52.9,416,9,2.26,,1678,31,33,7.8,14,19.3,573416,,,,9.8
Costa Rica,2015,Developing,79.6,95,1,,92,0,92,92,0.1,1,6.5,,1146.36273,,,14.2
Costa Rica,2014,Developing,79.5,96,1,3.45,91,1,91,91,0.1,1,59.5,,1647.44179,,,13.9
Costa Rica,2013,Developing,79.4,96,1,3.42,94,0,95,95,0.1,1,58.5,,1569.66631,,,13.7
Costa Rica,2012,Developing,79.2,97,1,3.34,91,0,9,91,0.1,1,57.5,,9985.36959,,,13.6
Costa Rica,2011,Developing,79,98,1,3.41,84,0,82,85,0.1,1,56.5,,9186.59639,,,13.4
Costa Rica,2010,Developing,78.1,16,1,3.58,89,0,93,88,0.1,1,55.5,,8199.414621,,,13.3
Costa Rica,2009,Developing,79.2,96,1,4.07,87,0,8,86,0.1,1,54.4,,689.396224,,,13.1
Costa Rica,2008,Developing,78.9,99,1,4.22,89,0,89,9,0.1,1,53.4,,6911.136136,,,12.9
Costa Rica,2007,Developing,78.9,93,1,4.2,89,0,89,89,0.1,1,52.4,,612.623418,,,12.8
Costa Rica,2006,Developing,78,16,1,4.15,88,0,89,89,0.1,1,51.4,,5245.187372,,,12.6
Costa Rica,2005,Developing,78.6,97,1,4.1,9,1,91,91,0.1,1,5.3,,4697.11135,,,
Costa Rica,2004,Developing,77.7,12,1,4.09,89,0,9,9,0.1,1,49.3,,4425.57467,,,
Costa Rica,2003,Developing,78,1,1,4.04,86,1,88,88,0.1,1,48.3,,4167.71417,,,
Costa Rica,2002,Developing,78.3,99,1,4.17,94,0,94,94,0.1,1,47.3,,462.14965,,,
Costa Rica,2001,Developing,77.5,1,1,4.29,8,0,92,91,0.1,1,46.4,,3981.52847,,,
Costa Rica,2000,Developing,77.6,98,1,4.34,89,0,8,88,0.1,1,45.4,,388.363689,,,
Cuba,2015,Developing,79.1,92,1,,99,0,99,99,0.1,1,61.4,3535961,762.261218,,,
Cuba,2014,Developing,79,93,1,4.37,97,0,99,99,0.1,1,6.7,35662,75.5199,,,
Cuba,2013,Developing,78.7,96,1,4.18,96,0,99,99,0.1,1,59.9,364999,676.15344,,,
Cuba,2012,Developing,78.7,96,1,4.16,96,0,98,99,0.1,1,59.2,36482,6425.941119,,,
Cuba,2011,Developing,78.8,92,1,4.14,96,0,99,97,0.1,1,58.4,3688865,675.92436,,,
Cuba,2010,Developing,78,98,1,4.13,96,0,99,96,0.1,1,57.7,372284,5676.14143,,,
Cuba,2009,Developing,78.1,11,1,4.01,96,0,99,96,0.1,1,56.9,3746561,5484.7763,,,
Cuba,2008,Developing,77.9,12,1,4.26,95,0,99,95,0.1,1,56.2,3763599,5376.447622,,,17.1
Cuba,2007,Developing,78.1,14,1,4.13,93,0,99,93,0.1,1,55.4,3774,5184.494227,,,16
Cuba,2006,Developing,78,14,1,4.17,89,0,99,89,0.1,1,54.6,3779468,4669.6916,,,14.7
Cuba,2005,Developing,77.2,19,1,4.48,95,0,99,89,0.1,1,53.8,378153,3779.577,,,14.2
Cuba,2004,Developing,77.3,17,1,4.38,99,0,98,88,0.1,1,53,3781287,339.716256,,,
Cuba,2003,Developing,77.4,18,1,4.39,99,0,98,72,0.1,1,52.1,3779247,3192.669378,,,
Cuba,2002,Developing,77.7,19,1,4.1,98,0,98,99,0.1,1,51.3,377587,2994.339988,,,
Cuba,2001,Developing,76.7,115,1,4.04,98,0,99,98,0.1,1,5.4,3771284,2832.188893,,,
Cuba,2000,Developing,76.9,115,1,3.92,98,0,98,95,0.1,1,49.4,376676,2741.11542,,,
Cyprus,2015,Developed,85,52,0,,97,0,97,97,0.1,0,6.3,229197,2375.1127,,,
Cyprus,2014,Developed,83,53,0,0.01,96,10,99,99,0.1,0,59.8,2168573,2734.88382,,,
Cyprus,2013,Developed,81,54,0,9.04,96,0,99,99,0.1,0,59.2,212857,2797.96736,,,
Cyprus,2012,Developed,80,56,0,10.55,96,1,99,99,0.1,0,58.7,289315,28951.15556,,,
Cyprus,2011,Developed,79.7,57,0,10.69,96,0,99,99,0.1,0,58.3,251339,32233.83942,,,
Cyprus,2010,Developed,79.5,59,0,11.32,96,18,99,99,0.1,0,57.8,214866,3818.46396,,,
Cyprus,2009,Developed,79.3,6,0,10.8,96,0,99,99,0.1,0,57.3,1979882,3215.8159,,,
Cyprus,2008,Developed,79.1,62,0,12.01,93,1,97,97,0.1,0,56.8,1946351,3539.7488,,,
Cyprus,2007,Developed,78.9,63,0,11.56,93,0,97,97,0.1,0,56.3,1914414,31386.63265,,,
Cyprus,2006,Developed,78.8,64,0,11.47,93,0,97,97,0.1,0,55.8,1884238,27169.99256,,,
Cyprus,2005,Developed,78.7,65,0,11.41,88,1,98,98,0.1,0,55.3,1855852,25324.48666,,,
Cyprus,2004,Developed,78.6,65,0,13.03,88,0,98,98,0.1,0,54.8,182933,23932.49128,,,
Cyprus,2003,Developed,78.5,66,0,10.62,88,0,98,98,0.1,0,54.3,184339,2293.4789,,,
Cyprus,2002,Developed,78.4,68,0,11.68,88,0,98,98,0.1,0,53.8,1779953,16372.29152,,,
Cyprus,2001,Developed,78.2,69,0,10.16,89,0,97,97,0.1,0,53.3,1754935,1562.92433,,,
Cyprus,2000,Developed,78.1,7,0,9.56,89,0,97,97,0.1,0,52.8,172834,14672.8826,,,
Denmark,2015,Developed,86,71,0,,,9,93,93,0.1,0,58.8,2596218,5314.64416,,,
Denmark,2014,Developed,84,73,0,9.64,,27,94,94,0.1,0,58.4,24213133,62425.5392,,,
Denmark,2013,Developed,81,75,0,9.5,,17,94,94,0.1,0,58.1,2248632,61191.19263,,,
Denmark,2012,Developed,80,76,0,9.26,,2,94,94,0.1,0,57.7,256983,5857.521,,,
Denmark,2011,Developed,79.7,79,0,10.47,,84,91,91,0.1,0,57.4,198686688,61753.667,,,
Denmark,2010,Developed,79.2,84,0,10.28,,5,9,9,0.1,0,57,196796269,5841.41122,,,
Denmark,2009,Developed,78.9,86,0,10.08,,6,89,89,0.1,0,56.6,194895996,58163.29359,,,
Denmark,2008,Developed,78.8,88,0,10.7,,14,88,88,0.1,0,56.3,19297929,64322.6664,,,
Denmark,2007,Developed,78.4,93,0,10.99,,2,87,87,0.1,0,55.9,19126637,58487.451,,,
Denmark,2006,Developed,78.1,93,0,11.02,,27,93,93,0.1,0,55.4,18912412,5226.99311,,,
Denmark,2005,Developed,78.1,92,0,11.28,,2,93,93,0.1,0,55,186917361,48799.8237,,,
Denmark,2004,Developed,77.7,98,0,11.27,,0,95,95,0.1,0,54.4,184738458,46511.6457,,,
Denmark,2003,Developed,77.3,11,0,11.54,,0,96,96,0.1,0,53.9,182482149,4458.7764,,,
Denmark,2002,Developed,77,14,0,11.34,,32,98,98,0.1,0,53.3,1815121,33228.69291,,,
Denmark,2001,Developed,77,12,0,11.56,,11,97,97,0.1,0,52.8,1777567,3751.64946,,,
Denmark,2000,Developed,76.9,12,0,11.69,,14,97,97,0.1,0,52.2,175287587,3743.55917,,,
Egypt,2015,Developing,79,159,51,,93,5432,93,93,0.1,60,61.1,,,,,
Egypt,2014,Developing,78,161,53,0.21,94,1314,94,94,0.1,62,6.2,,,,,
Egypt,2013,Developing,79,159,54,0.21,97,405,97,97,0.1,63,59.4,,,,,
Egypt,2012,Developing,72,165,54,0.23,93,245,93,93,0.1,64,58.6,,,,,
Egypt,2011,Developing,74,168,55,0.22,96,26,96,96,0.1,64,57.8,,,,,
Egypt,2010,Developing,70,173,54,0.22,97,16,97,97,0.1,64,57,,,,,
Egypt,2009,Developing,69.9,174,54,0.21,97,608,97,97,0.1,64,56.2,,,,,
Egypt,2008,Developing,69.8,172,54,0.24,97,668,97,97,0.1,65,55.5,,,,,
Egypt,2007,Developing,69.7,171,55,0.21,98,1684,98,98,0.1,65,54.8,,,,,
Egypt,2006,Developing,69.5,175,55,0.18,98,953,98,98,0.1,66,54.2,,,,,
Egypt,2005,Developing,69.4,174,56,0.16,98,77,98,98,0.1,68,53.5,,,,,
Egypt,2004,Developing,69,176,57,0.16,97,80,97,97,0.1,70,52.9,,,,,
Egypt,2003,Developing,68.6,178,59,0.15,98,164,98,98,0.1,72,52.3,,,,,
Egypt,2002,Developing,68.7,177,61,0.15,97,653,97,97,0.1,75,51.8,,,,,
Egypt,2001,Developing,68.6,177,63,0.14,99,2150,99,99,0.1,78,51.2,,,,,
Egypt,2000,Developing,68.8,171,65,0.14,98,2633,98,98,0.1,82,5.7,,,,,
Fiji,2015,Developing,69.9,188,0,,99,0,99,99,0.1,0,62.7,7177991,4921.89629,,,
Fiji,2014,Developing,69.7,19,0,0.01,99,0,99,99,0.1,0,61.9,7223938,546.3728,,,
Fiji,2013,Developing,69.6,192,0,0.01,99,0,99,99,0.1,0,61.1,7265115,4763.68956,,,
Fiji,2012,Developing,69.4,195,0,0.01,99,0,99,99,0.1,0,6.2,735888,4546.73854,,,
Fiji,2011,Developing,69.2,197,0,0.01,99,0,99,99,0.1,0,59.5,7348328,4353.121392,,,
Fiji,2010,Developing,69.1,2,0,2.25,99,0,99,99,0.1,0,58.7,7395599,3651.966784,,,
Fiji,2009,Developing,68.9,23,0,2.31,99,1,99,99,0.1,0,58,7444443,3369.48247,,,
Fiji,2008,Developing,68.7,26,0,1.95,99,0,99,99,0.1,0,57.3,7492561,4177.657789,,,
Fiji,2007,Developing,68.6,29,0,2.09,99,0,99,99,0.1,0,56.6,7545338,478.82327,,,
Fiji,2006,Developing,68.5,211,0,2.06,99,136,98,98,0.1,0,55.9,76122,3749.939813,,,
Fiji,2005,Developing,68.3,214,0,2.02,99,0,97,96,0.1,0,55.1,7658972,3658.63832,,,13.9
Fiji,2004,Developing,68.1,218,0,1.63,99,37,96,95,0.1,0,54.2,771686,3332.918533,,,13.4
Fiji,2003,Developing,68,22,0,1.76,99,305,95,94,0.1,0,53.2,7775327,2835.973972,,,13.3
Fiji,2002,Developing,67.9,22,0,1.85,99,304,94,93,0.1,0,52.2,7837161,2259.55796,,,13.3
Fiji,2001,Developing,67.8,221,0,1.93,98,17,92,91,0.1,0,51.2,89142,238.891729,,,13.2
Fiji,2000,Developing,67.7,221,0,2.05,98,0,91,9,0.1,0,5.2,817172,276.1338,,,13.1
Finland,2015,Developing,81.1,76,0,,,2,97,97,0.1,0,62.1,1811624,4245.39744,,,17
Finland,2014,Developing,89,78,0,8.8,,0,98,98,0.1,0,61.7,17585977,49914.61864,,,17
Finland,2013,Developing,87,79,0,8.97,,2,98,98,0.1,0,61.4,1772723,49638.7713,,,17
Finland,2012,Developing,84,82,0,9.24,,0,99,99,0.1,0,61,16571216,47415.55987,,,17
Finland,2011,Developing,83,86,0,9.81,,27,99,99,0.1,0,6.6,168194,579.72415,,,16.9
Finland,2010,Developing,79.9,89,0,9.72,,5,99,99,0.1,0,6.2,1565217,4622.41516,,,16.8
Finland,2009,Developing,79.7,91,0,9.96,,2,99,99,0.1,0,59.8,1514199,4717.15571,,,17
Finland,2008,Developing,79.6,94,0,10.26,,5,97,99,0.1,0,59.4,14689726,5341.31487,,,17.1
Finland,2007,Developing,79.3,96,0,10.45,,0,97,99,0.1,0,59,1425221,48288.5491,,,17.2
Finland,2006,Developing,79.2,96,0,10.15,,0,97,97,0.1,0,58.6,13829177,4112.67651,,,17.2
Finland,2005,Developing,78.9,11,0,9.95,,1,97,97,0.1,0,58.1,1342193,38969.17163,,,17.1
Finland,2004,Developing,78.7,12,0,9.89,,0,96,98,0.1,0,57.6,133569,37636.11173,,,18.3
Finland,2003,Developing,78.4,98,0,9.31,,0,96,98,0.1,0,57.1,12654621,32816.1688,,,18.1
Finland,2002,Developing,78.1,98,0,9.25,,0,95,98,0.1,0,56.6,122931,26834.2625,,,18
Finland,2001,Developing,78,1,0,8.94,,1,95,98,0.1,0,56.1,11944587,24913.24452,,,17.7
Finland,2000,Developing,77.5,15,0,8.59,,0,96,99,0.1,0,55.5,1167942,24253.2542,,,17.3
France,2015,Developing,82.4,78,2,,86,157,98,98,0.1,3,62.5,119927,36526.7711,,,16.3
France,2014,Developing,82.2,79,3,11.5,83,267,98,98,0.1,3,62,989179,42955.24287,,,16.2
France,2013,Developing,82,81,3,11.1,74,272,99,99,0.1,3,61.6,96186,42554.1225,,,16.2
France,2012,Developing,81.5,83,3,11.5,78,0,99,99,0.1,3,61.1,931971,4838.2444,,,16.1
France,2011,Developing,81.7,83,3,11.8,74,14949,99,99,0.1,3,6.6,94358,4381.288,,,16.1
France,2010,Developing,81.3,86,3,11.7,65,5048,99,99,0.1,3,6.1,876693,473.34279,,,16
France,2009,Developing,81.1,88,3,11.8,51,1541,98,98,0.1,3,59.6,848931,41631.13141,,,16
France,2008,Developing,89,88,3,11.9,47,604,98,98,0.1,3,59.1,8212264,45413.6571,,,16.1
France,2007,Developing,89,89,3,12.2,42,39,99,98,0.1,3,58.6,7939573,416.58397,,,16.1
France,2006,Developing,86,92,3,12.4,39,40,99,99,0.1,4,58,7675338,36544.5853,,,16.1
France,2005,Developing,81,93,3,12.2,35,36,98,98,0.1,4,57.5,7423289,34879.72633,,,15.5
France,2004,Developing,82,94,3,13.18,35,4448,99,98,0.1,4,57,7182451,33874.74255,,,15.5
France,2003,Developing,79.3,99,3,13.49,28,0,96,97,0.1,4,56.4,6953113,29691.18158,,,15.4
France,2002,Developing,79.2,11,3,13.78,29,5185,97,97,0.1,4,55.8,6741569,24275.2426,,,15.5
France,2001,Developing,79,13,3,13.89,28,0,98,97,0.1,4,55.2,6555829,22527.31775,,,15.6
France,2000,Developing,78.8,13,3,13.63,26,10000,98,97,0.1,4,54.6,6476,22465.64184,,,15.7
Georgia,2015,Developing,74.4,129,1,,94,431,91,94,0.1,1,56.2,,3764.64912,,,13.9
Georgia,2014,Developing,74.5,125,1,6.13,91,3188,91,91,0.1,1,55.3,,4429.6575,,,13.5
Georgia,2013,Developing,74.5,128,1,5.91,96,7872,94,93,0.1,1,54.4,,4274.376857,,,13.5
Georgia,2012,Developing,74.2,13,1,7.71,92,31,93,92,0.1,1,53.6,,4142.869175,,,13.4
Georgia,2011,Developing,73.9,127,1,8.14,89,64,88,94,0.1,1,52.8,,3725.63221,,,13.3
Georgia,2010,Developing,73.8,132,1,7.24,95,22,88,92,0.1,1,52,,2964.47734,,,13.3
Georgia,2009,Developing,73.2,133,1,6.66,54,23,93,88,0.1,1,51.3,,276.588512,,,12.8
Georgia,2008,Developing,73.9,128,1,7.17,89,56,9,92,0.1,1,5.5,,3174.9491,,,13.1
Georgia,2007,Developing,74.4,12,1,8.65,94,44,88,98,0.1,1,49.9,,2492.12878,,,12.5
Georgia,2006,Developing,73.9,126,1,6.18,84,334,89,88,0.1,1,49.2,,1872.68416,,,12.6
Georgia,2005,Developing,73.9,128,1,4.7,79,1356,82,82,0.1,1,48.6,,153.57521,,,12.2
Georgia,2004,Developing,72.3,134,1,3.74,64,6847,66,78,0.1,1,48.1,,127.367228,,,12
Georgia,2003,Developing,72.7,132,1,3.36,48,216,74,75,0.1,2,47.5,,928.18227,,,11.8
Georgia,2002,Developing,71.7,142,2,2.72,51,199,89,84,0.1,2,47,,779.3845935,,,11.8
Georgia,2001,Developing,73,121,2,2.76,61,35,83,87,0.1,2,46.5,,733.974142,,,11.7
Georgia,2000,Developing,71.8,129,2,3.28,55,50,81,8,0.1,2,46,,691.997711,,,11.4
Germany,2015,Developed,81,68,2,,88,2464,94,95,0.1,3,62.3,532913,41176.88158,,,17.1
Germany,2014,Developed,89,69,2,11.03,88,443,94,95,0.1,3,61.9,526437,4792.65288,,,17
Germany,2013,Developed,86,71,2,10.94,88,1771,94,95,0.1,3,61.4,5216,4653.91143,,,16.9
Germany,2012,Developed,86,71,2,11.18,88,166,94,95,0.1,3,6.9,513979,4465.24891,,,16.9
Germany,2011,Developed,85,74,2,11.2,88,1607,94,95,0.1,3,6.4,5867,4681.32796,,,16.8
Germany,2010,Developed,81,76,2,11.2,88,780,94,95,0.1,3,59.9,52384,41785.55691,,,16.7
Germany,2009,Developed,80,79,2,11.22,88,574,95,96,0.1,3,59.5,496963,41732.7725,,,16.7
Germany,2008,Developed,79.9,8,2,11.36,87,917,95,96,0.1,3,59,491723,45699.19832,,,16.6
Germany,2007,Developed,79.8,82,3,11.5,86,567,95,96,0.1,3,58.5,486438,41814.8191,,,16.6
Germany,2006,Developed,79.6,84,3,11.76,87,2307,94,96,0.1,3,58,48795,36447.87232,,,16.5
Germany,2005,Developed,79.2,85,3,11.67,9,778,95,96,0.1,3,57.6,474567,34696.6292,,,16.4
Germany,2004,Developed,79.1,86,3,11.83,88,121,96,96,0.1,3,57.1,467664,34165.9343,,,16.4
Germany,2003,Developed,78.5,9,3,11.92,9,779,96,97,0.1,4,56.6,46147,3359.95215,,,16.3
Germany,2002,Developed,78.4,91,3,12.25,87,4657,97,93,0.1,4,56.1,45216,2525.16445,,,16.3
Germany,2001,Developed,78.3,92,3,12.46,86,6024,96,93,0.1,4,55.6,443716,23687.31689,,,16.2
Germany,2000,Developed,78,95,3,12.91,84,0,94,9,0.1,4,55.1,43579,23718.7467,,,16.2
Greece,2015,Developing,81,72,0,,96,1,99,99,0.1,0,66.5,15517635,187.78991,,,17.2
Greece,2014,Developing,88,73,0,7.53,96,1,99,99,0.1,0,66,152779,21673.7817,,,17.2
Greece,2013,Developing,86,74,0,7.46,98,3,99,99,0.1,0,65.4,1522692,21874.8195,,,17.1
Greece,2012,Developing,84,76,0,8.2,98,3,99,99,0.1,0,64.9,14776866,22242.68193,,,16.8
Greece,2011,Developing,85,76,0,8.02,95,40,99,99,0.1,0,64.3,14537886,25916.29353,,,16.7
Greece,2010,Developing,83,76,0,9,95,149,99,99,0.1,0,63.7,143874,26917.75898,,,16.4
Greece,2009,Developing,80,78,0,9.08,95,2,99,99,0.1,0,63.1,14928,2971.973,,,16.2
Greece,2008,Developing,79.9,77,0,9.51,95,1,99,99,0.1,0,62.4,138859,31997.2821,,,15.9
Greece,2007,Developing,79.4,8,0,9.67,95,2,99,99,0.1,0,61.8,13676693,28827.32636,,,16.4
Greece,2006,Developing,79.7,77,0,9.42,94,0,98,98,0.1,1,61.2,13474489,2481.15781,,,16.3
Greece,2005,Developing,79.3,81,0,9.95,93,122,96,96,0.1,1,6.5,132721,22551.73574,,,15.6
Greece,2004,Developing,79.2,81,0,9.56,92,1,95,95,0.1,1,59.9,1363377,21955.149,,,15.3
Greece,2003,Developing,79.1,81,0,9.46,92,0,93,94,0.1,1,59.2,12853124,18477.57841,,,15.2
Greece,2002,Developing,79,81,1,8.09,91,5,92,92,0.1,1,58.6,12634729,1411.31339,,,14.6
Greece,2001,Developing,78.7,83,1,8.62,9,12,9,91,0.1,1,58,1242473,12538.17883,,,14.2
Greece,2000,Developing,78.2,84,1,8.48,89,56,89,89,0.1,1,57.4,12152354,1242.95373,,,13.9
Iceland,2015,Developed,82.7,49,0,,,0,92,92,0.1,0,61,22834522,5734.4436,,,19
Iceland,2014,Developed,82.5,49,0,7.45,,0,9,9,0.1,0,6.6,2223994,52473.11356,,,19
Iceland,2013,Developed,82.4,5,0,7.31,,0,91,91,0.1,0,6.2,21655715,4781.3888,,,19
Iceland,2012,Developed,82.5,5,0,7.81,,0,89,89,0.1,0,59.7,2182383,44333.8518,,,18.7
Iceland,2011,Developed,82.1,51,0,8.13,,0,95,95,0.1,0,59.3,252447,46.217,,,18.6
Iceland,2010,Developed,81.8,53,0,8.25,,0,96,96,0.1,0,58.9,1997495,41676.44527,,,18.4
Iceland,2009,Developed,81.6,55,0,10.22,,0,96,96,0.1,0,58.5,19432541,4461.89251,,,18.4
Iceland,2008,Developed,81.4,58,0,8.49,,0,98,98,0.1,0,58.1,18978,55575.29196,,,18.2
Iceland,2007,Developed,81.3,59,0,7.53,,0,97,97,0.1,0,57.8,18395389,68348.31817,,,18.2
Iceland,2006,Developed,81.1,61,0,7.2,,0,97,97,0.1,0,57.4,17899562,5613.54115,,,18.1
Iceland,2005,Developed,81,62,0,7.05,,0,95,95,0.1,0,56.9,1742795,56249.7555,,,17.9
Iceland,2004,Developed,88,65,0,6.79,,0,99,99,0.1,0,56.5,1695981,46917.27216,,,18.3
Iceland,2003,Developed,87,65,0,6.61,,0,97,97,0.1,0,55.9,16513822,3944.999,,,17.6
Iceland,2002,Developed,84,7,0,6.61,,0,95,95,0.1,0,55.4,1684886,31996.2172,,,17.2
Iceland,2001,Developed,80,72,0,6.37,,0,92,92,0.1,0,54.8,15671927,28585.9254,,,17.1
Iceland,2000,Developed,79.7,74,0,6.17,,0,98,98,0.1,0,54.2,15274234,31813.37344,,,16.8
India,2015,Developing,68.3,181,910,,87,90387,86,87,0.2,1100,18.7,3584861,1613.18878,,,11.6
India,2014,Developing,68,184,957,3.07,79,79563,84,85,0.2,1200,18.1,35544564,1573.11889,,,11.6
India,2013,Developing,67.6,187,1000,3.11,7,13822,82,83,0.2,1300,17.5,35155451,1452.195373,,,11.5
India,2012,Developing,67.3,19,1100,3.1,73,18668,79,82,0.2,1400,17,3475545,1446.98541,,,11.3
India,2011,Developing,66.8,193,1100,3,44,33634,79,82,0.2,1500,16.4,3434278,1461.671957,,,10.8
India,2010,Developing,66.4,196,1200,2.77,38,31458,76,79,0.2,1600,15.9,345274,1345.77153,,,10.4
India,2009,Developing,66,2,1300,2.5,37,56188,73,74,0.2,1700,15.4,33628571,19.317765,,,10.5
India,2008,Developing,65.5,23,1300,1.93,29,44258,69,7,0.3,1800,14.9,33245773,991.484634,,,10.2
India,2007,Developing,65.2,26,1400,1.59,6,41144,67,64,0.3,1900,14.4,32887928,118.166373,,,9.9
India,2006,Developing,64.8,28,1500,1.37,6,64185,66,65,0.3,2000,13.9,325755,792.259698,,,9.7
India,2005,Developing,64.4,211,1500,1.27,8,36711,65,65,0.3,2000,13.5,32312,77.819,,,9.4
India,2004,Developing,64,214,1600,1.2,6,55443,58,63,0.3,2100,13,31995,621.3183767,,,9.2
India,2003,Developing,63.7,216,1700,1.19,,47147,57,61,0.3,2200,12.6,31676,541.1352279,,,8.6
India,2002,Developing,63.3,219,1700,1.1,,40044,58,59,0.3,2300,12.2,31362,466.2842,,,8.4
India,2001,Developing,62.9,222,1800,1,,51780,58,59,0.3,2400,11.8,31819,447.138966,,,8.3
India,2000,Developing,62.5,224,1800,0.93,,38835,57,58,0.3,2500,11.4,37697,438.864634,,,8.3
Indonesia,2015,Developing,69.1,176,114,,78,15099,8,78,0.3,136,27.4,45461,3336.16686,,,12.9
Indonesia,2014,Developing,68.9,179,119,0.09,78,12943,8,78,0.3,142,26.5,4515392,3491.595887,,,12.9
Indonesia,2013,Developing,68.7,181,124,0.09,85,8419,86,85,0.3,148,25.6,4499653,362.663981,,,12.9
Indonesia,2012,Developing,68.5,183,129,0.08,83,15489,84,83,0.3,154,24.7,449416,3687.953996,,,12.6
Indonesia,2011,Developing,68.3,185,134,0.08,81,21893,81,81,0.3,161,23.8,4476153,3634.27685,,,12.3
Indonesia,2010,Developing,68.1,187,138,0.08,83,18869,82,81,0.3,167,22.9,4448525,3113.48635,,,12.1
Indonesia,2009,Developing,67.9,189,143,0.08,82,20818,85,78,0.3,174,22.1,44423,2254.44566,,,11.7
Indonesia,2008,Developing,67.7,189,149,0.07,82,15369,83,77,0.2,181,21.3,4345386,216.52766,,,11.7
Indonesia,2007,Developing,67.5,19,154,0.06,76,19456,77,73,0.2,188,2.5,42758,1855.93915,,,11
Indonesia,2006,Developing,67.3,191,159,0.06,66,20422,78,72,0.1,194,19.7,421758,1586.254,,,10.9
Indonesia,2005,Developing,67.2,19,163,0.06,65,15853,79,72,0.1,201,19,412791,126.928834,,,11.1
Indonesia,2004,Developing,65.3,213,174,0.06,64,29171,79,71,0.1,237,18.2,45536,1148.56996,,,11
Indonesia,2003,Developing,66.9,189,173,0.05,64,24457,8,71,0.1,215,17.5,3981665,164.59447,,,10.8
Indonesia,2002,Developing,66.7,189,177,0.05,63,14492,8,7,0.1,222,16.7,397612,899.5556857,,,10.6
Indonesia,2001,Developing,66.5,188,182,0.06,62,3825,77,76,0.1,229,16,383223,747.9817455,,,10.6
Indonesia,2000,Developing,66.3,188,187,0.06,65,3344,72,75,0.1,237,15.4,3754986,78.92744,,,10.7
Iraq,2015,Developing,68.9,182,32,,56,1433,63,58,0.1,38,59.1,149413,4974.2693,,,10.1
Iraq,2014,Developing,67.9,199,32,0.01,62,1317,67,64,0.1,39,58.5,13569438,673.74737,,,10.1
Iraq,2013,Developing,69.5,17,32,0.01,66,669,7,68,0.1,39,57.8,13133589,6925.22446,,,10.3
Iraq,2012,Developing,76,147,32,0.01,61,15,7,69,0.1,39,57.2,1275135,6651.12242,,,10.5
Iraq,2011,Developing,77,144,32,0.17,77,15,8,79,0.1,39,56.5,12288651,5854.614497,,,10.4
Iraq,2010,Developing,76,145,32,0.19,72,492,74,74,0.1,39,55.8,1188722,452.74948,,,10.4
Iraq,2009,Developing,74,148,32,0.2,75,30328,78,78,0.1,39,55.2,1152786,3735.144836,,,10.3
Iraq,2008,Developing,69.3,167,32,0.17,66,5494,71,69,0.1,38,54.5,11133861,4521.3247,,,10.3
Iraq,2007,Developing,65.9,227,31,0.14,56,230,74,57,0.1,38,53.8,177578,3129.224922,,,10.2
Iraq,2006,Developing,64.7,249,31,0.03,59,474,63,59,0.1,38,53.2,1421597,2351.812429,,,10.2
Iraq,2005,Developing,66.8,29,31,0.18,65,908,69,65,0.1,37,52.5,1679,1849.63911,,,10.1
Iraq,2004,Developing,67.2,21,30,0.32,62,9081,69,74,0.1,37,51.9,97143,1391.816923,,,9.8
Iraq,2003,Developing,66.5,213,30,0.07,63,0,73,75,0.1,37,51.3,935321,,,,9.4
Iraq,2002,Developing,74,14,30,0.15,65,0,76,77,0.1,37,5.6,91689,,,,9.1
Iraq,2001,Developing,72,142,30,0.17,66,4088,8,78,0.1,37,5.1,866312,,,,8.7
Iraq,2000,Developing,70,144,30,0.2,67,726,83,8,0.1,37,49.5,8342559,,,,
Ireland,2015,Developed,81.4,64,0,,95,4,95,95,0.1,0,62.8,17762681,6664.144,,,
Ireland,2014,Developed,81.2,66,0,10.75,95,33,96,96,0.1,0,62.1,17613798,5553.32623,,,
Ireland,2013,Developed,81,67,0,10.49,95,51,96,96,0.1,0,61.3,17462982,5234.76736,,,
Ireland,2012,Developed,85,69,0,11.49,95,107,95,95,0.1,0,6.5,1739746,49231.36254,,,
Ireland,2011,Developed,84,7,0,11.72,95,285,95,95,0.1,0,59.7,17153357,52567.52568,,,
Ireland,2010,Developed,86,68,0,11.88,46,443,94,94,0.1,0,58.9,16993354,48538.58776,,,
Ireland,2009,Developed,79.7,77,0,11.41,,164,94,94,0.1,0,58.2,16829442,51983.78892,,,
Ireland,2008,Developed,79.8,75,0,12.66,,57,93,93,0.1,0,57.4,16661942,61235.415,,,
Ireland,2007,Developed,79.5,75,0,13.59,,64,92,92,0.1,0,56.6,16491687,61388.17457,,,
Ireland,2006,Developed,79,78,0,13.44,,87,91,91,0.1,0,55.8,16319792,54326.9713,,,
Ireland,2005,Developed,78.7,78,0,13.31,,95,9,9,0.1,0,55.1,1614764,5886.82789,,,
Ireland,2004,Developed,78.3,82,0,13.32,,334,89,89,0.1,0,54.4,15973778,47631.6377,,,
Ireland,2003,Developed,78,82,0,13.24,,584,86,86,0.1,0,53.6,15799542,4117.15532,,,
Ireland,2002,Developed,77.4,88,0,14.17,,243,83,83,0.1,0,52.9,15623635,32539.1937,,,
Ireland,2001,Developed,77,89,0,14.27,,241,84,84,0.1,0,52.2,15444969,28223.55528,,,
Ireland,2000,Developed,76.4,94,0,14.07,,0,86,86,0.1,0,51.5,15262754,26241.91883,,,
Israel,2015,Developing,82.5,58,0,,96,80,95,95,0.1,1,64.9,137122,35729.37253,,,
Israel,2014,Developing,82.2,6,1,2.62,97,6,95,95,0.1,1,64.6,136427,37582.84624,,,
Israel,2013,Developing,82.1,61,1,2.69,97,50,96,96,0.1,1,64.2,135738,36393.66932,,,
Israel,2012,Developing,81.8,6,1,2.78,97,211,94,94,0.1,1,63.8,135695,32569.59683,,,
Israel,2011,Developing,81.8,61,1,2.67,98,70,94,94,0.1,1,63.4,134413,33657.15727,,,
Israel,2010,Developing,81.7,61,1,2.63,97,23,95,95,0.1,1,63,133775,3661.994,,,
Israel,2009,Developing,81.5,63,1,2.55,98,5,96,96,0.1,1,62.6,133126,27795.87671,,,
Israel,2008,Developing,81,65,1,2.47,99,931,94,94,0.1,1,62.1,1324655,29657.4421,,,
Israel,2007,Developing,84,68,1,2.33,99,539,95,95,0.1,1,61.6,1317885,258.637,,,
Israel,2006,Developing,84,68,1,2.23,96,9,94,95,0.1,1,61.1,13112,2195.1769,,,
Israel,2005,Developing,80,71,1,2.41,96,2,95,93,0.1,1,6.6,13372,2611.17931,,,
Israel,2004,Developing,81,69,1,2.23,99,116,95,95,0.1,1,6.1,129675,19888.172,,,
Israel,2003,Developing,79.7,71,1,2.32,98,124,93,93,0.1,1,59.6,12884,18946.99942,,,
Israel,2002,Developing,79.3,74,1,2.47,98,2,91,9,0.1,1,59.2,1284,18431.15696,,,
Israel,2001,Developing,79.3,74,1,2.53,96,19,93,92,0.1,1,58.7,127185,236.19646,,,
Israel,2000,Developing,78.9,76,1,2.53,98,36,93,93,0.1,1,58.3,1262645,2152.1432,,,
Italy,2015,Developed,82.7,56,1,,93,159,93,93,0.1,2,63.6,48228697,349.14755,,,
Italy,2014,Developed,82.5,57,2,7.56,95,0,95,95,0.1,2,63.1,47791911,35396.66517,,,
Italy,2013,Developed,82.3,58,2,7.35,96,0,96,96,0.1,2,62.6,47342981,3537.27441,,,16.5
Italy,2012,Developed,82,6,2,7.49,96,376,96,97,0.1,2,62.1,46881475,34814.12436,,,16.6
Italy,2011,Developed,82,6,2,6.98,96,5189,96,96,0.1,2,61.5,4646646,38334.68477,,,16.4
Italy,2010,Developed,81.8,6,2,6.95,96,372,96,96,0.1,2,61,4591897,35849.37364,,,16.4
Italy,2009,Developed,81.6,61,2,7.25,96,351,96,96,0.1,2,6.5,45416181,36976.84512,,,16.3
Italy,2008,Developed,81.5,61,2,7.96,96,1617,96,96,0.1,2,59.9,4491544,464.18465,,,16.3
Italy,2007,Developed,81.3,63,2,8.37,97,321,97,97,0.1,2,59.4,44374572,37698.78573,,,16.1
Italy,2006,Developed,81.2,65,2,8.44,96,439,97,96,0.1,2,58.8,43835722,3341.7482,,,16
Italy,2005,Developed,88,66,2,8.65,96,135,97,95,0.1,2,58.2,43285634,31959.26215,,,15.8
Italy,2004,Developed,89,66,2,8.98,96,599,97,94,0.1,3,57.6,42724163,31174.56118,,,15.6
Italy,2003,Developed,79.9,72,2,9.3,95,10982,97,96,0.1,3,57,42152151,27387.2258,,,15.4
Italy,2002,Developed,80,72,2,9.25,95,9385,96,93,0.1,3,56.4,41572491,22196.5736,,,15.2
Italy,2001,Developed,79.8,75,2,9.69,95,0,96,93,0.1,3,55.7,498899,24.819,,,14.9
Italy,2000,Developed,79.4,77,3,9.78,94,1457,97,87,0.1,3,55,443958,251.2426,,,14.8
Jamaica,2015,Developing,76.2,125,1,,91,0,91,91,0.5,1,54.2,777424,4965.989857,,,12.8
Jamaica,2014,Developing,75.8,133,1,3.83,92,0,93,92,0.5,1,53.5,759385,4855.743789,,,12.8
Jamaica,2013,Developing,75.6,136,1,3.79,93,0,86,93,0.6,1,52.7,7415,56.144952,,,12.8
Jamaica,2012,Developing,75.3,138,1,3.65,96,0,96,96,0.5,1,52,723868,521.33363,,,12.8
Jamaica,2011,Developing,75.2,139,1,3.58,92,1,93,92,0.6,1,51.2,76569,513.549487,,,12.8
Jamaica,2010,Developing,75,138,1,3.55,94,0,94,94,0.5,1,5.5,689692,4682.728424,,,12.7
Jamaica,2009,Developing,74.7,142,1,3.33,9,0,9,9,0.6,1,49.7,673252,4293.383274,,,12.7
Jamaica,2008,Developing,74.5,145,1,3.51,92,2,91,91,0.4,1,48.9,657229,492.492378,,,12.6
Jamaica,2007,Developing,74.2,148,1,3.64,92,0,94,92,0.9,1,48.1,64162,462.517913,,,12.5
Jamaica,2006,Developing,74,15,1,3.63,97,0,99,95,1.5,1,47.2,626425,4313.1682,,,12.5
Jamaica,2005,Developing,73.5,161,1,3.59,99,0,99,99,1.9,1,46.3,611627,482.24762,,,12.4
Jamaica,2004,Developing,73.3,165,1,3.67,98,0,97,98,2.3,1,45.4,597228,3719.97351,,,11.1
Jamaica,2003,Developing,73.1,166,1,3.48,36,0,99,96,2.3,1,44.5,583211,3465.221998,,,11.9
Jamaica,2002,Developing,73,167,1,3.76,,0,99,99,2.3,1,43.5,569479,3596.496282,,,11.7
Jamaica,2001,Developing,72.7,171,1,3.89,,0,99,99,2.2,1,42.5,555888,3394.878,,,10.9
Jamaica,2000,Developing,72.6,171,1,3.46,,0,95,93,2.2,1,41.6,542357,336.8742,,,11.4
Japan,2015,Developed,83.7,55,2,,,35,99,96,0.1,3,29,,34474.13736,,,15.3
Japan,2014,Developed,83.5,57,2,0.01,,462,99,96,0.1,3,28.6,,3896.21151,,,15.3
Japan,2013,Developed,83.5,56,2,7.55,,229,99,96,0.1,3,28.2,,4454.44746,,,15.3
Japan,2012,Developed,83.3,58,2,7.39,,228,99,97,0.1,3,27.8,,4863.47665,,,15.3
Japan,2011,Developed,82.5,64,3,7.39,,434,96,97,0.1,4,27.4,,48167.99727,,,15.1
Japan,2010,Developed,83,62,3,6.9,,450,98,97,0.1,4,26.9,,4457.67639,,,15.1
Japan,2009,Developed,83,64,3,7.09,,741,99,97,0.1,4,26.4,,4855.17564,,,15
Japan,2008,Developed,82.7,66,3,7.11,,11015,98,98,0.1,4,25.9,,39339.29757,,,15
Japan,2007,Developed,82.6,67,3,7.29,,0,97,98,0.1,4,25.4,,35275.22843,,,15
Japan,2006,Developed,82.4,68,3,7.49,,520,95,98,0.1,4,24.9,,35433.98896,,,14.9
Japan,2005,Developed,82,69,3,7.99,,0,95,98,0.1,4,24.4,,37217.64873,,,14.9
Japan,2004,Developed,82.1,68,3,7.7,,8752,97,99,0.1,4,23.8,,37688.72234,,,14.8
Japan,2003,Developed,81.9,7,3,7.83,,8286,97,97,0.1,5,23.4,,3488.3992,,,14.8
Japan,2002,Developed,81.8,7,3,7.87,,33812,89,96,0.1,5,22.9,,32289.3554,,,14.7
Japan,2001,Developed,81.5,72,4,8.03,,22552,81,95,0.1,5,22.5,,33846.46564,,,14.6
Japan,2000,Developed,81.1,74,4,7.97,,22497,98,85,0.1,5,22.2,,38532.488,,,14.5
Kuwait,2015,Developing,74.7,81,0,,99,18,99,99,0.1,1,71.4,,28975.418,,,13.3
Kuwait,2014,Developing,74.6,82,0,0.01,96,55,94,95,0.1,1,7.8,487852,42996.4812,,,13
Kuwait,2013,Developing,74.5,83,1,0.01,99,62,99,99,0.1,1,7.2,4757575,48399.9581,,,13.1
Kuwait,2012,Developing,74.3,84,1,0.01,98,27,98,98,0.1,1,69.5,47641,51264.7134,,,13.2
Kuwait,2011,Developing,74.2,85,1,0.02,99,32,99,99,0.1,1,69,4654122,48268.5912,,,13.4
Kuwait,2010,Developing,74,86,1,0.01,99,13,98,98,0.1,1,68.4,46474,38497.61696,,,13.5
Kuwait,2009,Developing,73.9,87,1,0.1,99,0,99,99,0.1,1,67.9,454528,37567.3121,,,13.6
Kuwait,2008,Developing,73.8,88,1,0.03,99,0,99,99,0.1,1,67.5,4488263,55571.9986,,,13.8
Kuwait,2007,Developing,73.7,89,1,0.03,99,0,99,99,0.1,1,67.1,442958,45793.97614,,,13.9
Kuwait,2006,Developing,73.6,89,1,0.01,99,0,99,99,0.1,1,66.7,4369469,42717.55725,,,14.1
Kuwait,2005,Developing,73.6,9,0,0.01,99,10,99,99,0.1,1,66.3,438794,3549.26132,,,14.2
Kuwait,2004,Developing,73.5,91,0,0.02,94,23,98,98,0.1,1,65.9,4247841,26921.8278,,,14.4
Kuwait,2003,Developing,73.4,93,0,0.03,99,0,99,99,0.1,1,65.5,418738,2271.56961,,,14.1
Kuwait,2002,Developing,73.3,94,0,0.01,99,0,99,99,0.1,1,65,4125971,17789.41981,,,13.9
Kuwait,2001,Developing,73.2,95,0,0.01,99,0,99,99,0.1,1,64.5,46324,1654.96761,,,14
Kuwait,2000,Developing,73.2,96,0,0.01,95,6,94,98,0.1,1,64,3996798,18389.38433,,,14.1
Liberia,2015,Developing,61.4,259,8,,52,1060,52,52,0.9,11,27.3,3925443,452.38717,,,9.9
Liberia,2014,Developing,58.1,329,8,0.01,5,34,49,5,0.9,11,26.7,42364,458.4651734,,,9.9
Liberia,2013,Developing,61.1,258,9,0.01,76,0,75,76,1.1,11,26.1,4238389,454.1222236,,,9.8
Liberia,2012,Developing,67,261,9,0.01,8,43,8,8,1.2,12,25.6,4255689,415.361958,,,9.6
Liberia,2011,Developing,62,266,9,3.72,77,279,77,77,1.5,12,25,4267558,379.689583,,,9.5
Liberia,2010,Developing,59.7,272,9,3.64,47,2200,71,7,1.8,13,24.5,428622,327.42597,,,9.6
Liberia,2009,Developing,59.2,277,10,3.75,64,6,84,81,2.1,13,24,4417781,33.667491,,,9.7
Liberia,2008,Developing,58.6,281,10,3.88,64,1,79,75,2.4,14,23.4,442978,232.61732,,,9.8
Liberia,2007,Developing,57.9,286,10,4.03,,1,67,65,2.8,14,22.9,443458,21.3733292,,,9.9
Liberia,2006,Developing,56.7,32,11,4.05,,20,66,6,3,15,22.4,4436,178.92799,,,10
Liberia,2005,Developing,55.3,316,12,4.19,,8,66,6,3.1,16,22,444,168.648254,,,10.1
Liberia,2004,Developing,54,329,12,4.24,,4,47,31,3.2,17,21.5,4442,149.4452549,,,10.2
Liberia,2003,Developing,50,42,13,4.21,,142,49,35,3.2,18,21.1,4439,133.494518,,,10.3
Liberia,2002,Developing,56,371,13,4.27,,131,51,39,3.1,19,2.7,444,177.285187,,,10.4
Liberia,2001,Developing,51.5,333,14,4.4,,1379,54,42,3.1,20,2.4,444,174.1815473,,,10.5
Liberia,2000,Developing,51.9,39,14,4.46,,5977,56,46,3.1,20,2.2,444,183.4149991,,,8.7
Malaysia,2015,Developing,75,123,4,,99,1318,99,99,0.1,4,4.6,4426,9643.644683,,,13.1
Malaysia,2014,Developing,74.8,126,4,0.52,96,221,97,97,0.1,4,39.5,,11183.96191,,,13
Malaysia,2013,Developing,74.6,128,3,0.53,96,195,97,97,0.1,4,38.5,,1882.27842,,,12.9
Malaysia,2012,Developing,74.5,129,3,0.53,97,1868,97,97,0.1,4,37.4,,1779.49641,,,12.9
Malaysia,2011,Developing,74.3,13,3,0.51,96,1569,96,96,0.1,4,36.3,,145.1262,,,13
Malaysia,2010,Developing,74.1,131,3,0.49,96,73,96,96,0.1,4,35.3,,971.356987,,,12.8
Malaysia,2009,Developing,74,131,3,0.47,96,153,97,97,0.1,4,34.4,,7326.744435,,,12.6
Malaysia,2008,Developing,73.8,132,3,0.47,97,334,97,97,0.1,4,33.4,,8513.629541,,,12.5
Malaysia,2007,Developing,73.7,133,3,0.43,96,394,97,97,0.1,4,32.5,,7269.17114,,,12.3
Malaysia,2006,Developing,73.6,134,3,0.42,95,564,95,95,0.1,4,31.6,,6222.982955,,,12.7
Malaysia,2005,Developing,73.4,135,3,0.46,96,1407,96,96,0.1,4,3.7,,5593.822995,,,12.9
Malaysia,2004,Developing,73.2,137,3,0.49,94,5729,95,95,0.1,4,29.8,,4955.477743,,,12.7
Malaysia,2003,Developing,73.1,138,3,0.48,95,632,96,96,0.1,4,28.8,,4463.675893,,,12.1
Malaysia,2002,Developing,72.9,14,4,0.49,95,408,94,94,0.1,4,27.9,,4167.364387,,,12
Malaysia,2001,Developing,72.7,144,4,0.53,95,2198,95,96,0.1,5,27,,3915.11546,,,11.9
Malaysia,2000,Developing,72.4,149,4,0.54,97,6187,98,98,0.1,5,26,,445.17471,,,11.6
Maldives,2015,Developing,78.5,61,0,,99,0,99,99,0.1,0,27.4,,8395.785198,,,12.7
Maldives,2014,Developing,78.2,62,0,0.01,99,0,99,99,0.1,0,26.2,116985,7716.2415,,,12.7
Maldives,2013,Developing,77.9,64,0,0.01,99,0,99,99,0.1,0,25.1,115239,7112.33575,,,12.4
Maldives,2012,Developing,77.6,65,0,0.01,99,0,99,99,0.1,0,24.1,1143896,6541.7465,,,12.1
Maldives,2011,Developing,77.3,67,0,1.92,96,0,96,96,0.1,0,23.1,113562,6497.55443,,,11.8
Maldives,2010,Developing,76.7,73,0,1.83,97,0,97,96,0.1,0,22.1,1124835,633.79498,,,11.6
Maldives,2009,Developing,76.3,75,0,1.59,98,6,98,98,0.1,0,21.2,111267,597.1659,,,11.8
Maldives,2008,Developing,75.9,81,0,1.76,98,0,98,98,0.1,0,2.3,19876,5828.621374,,,11.8
Maldives,2007,Developing,75.4,82,0,1.78,98,20,98,98,0.1,0,19.5,181563,52.862285,,,11.9
Maldives,2006,Developing,75,88,0,1.62,98,47,98,98,0.1,0,18.7,163712,4428.522898,,,12
Maldives,2005,Developing,74.3,93,0,1.47,98,1395,98,98,0.1,0,18,14559,3488.493769,,,12.1
Maldives,2004,Developing,73.4,16,0,1.6,97,37,96,96,0.1,0,17.3,127658,3853.33348,,,12.2
Maldives,2003,Developing,72.7,112,0,1.75,98,75,98,98,0.1,0,16.7,1141,3432.247841,,,11.8
Maldives,2002,Developing,71.8,124,0,1.95,98,926,98,98,0.1,0,16.2,993563,32.37239,,,12
Maldives,2001,Developing,78,129,0,1.98,98,0,97,98,0.1,0,15.6,976966,298.67598,,,11.8
Maldives,2000,Developing,69.6,139,0,1.83,96,20,98,98,0.1,0,15.2,96282,2182.99711,,,11.3
Myanmar,2015,Developing,66.6,199,39,,89,6,89,89,0.3,50,23.8,943286,1194.59137,,,9.1
Myanmar,2014,Developing,66.4,21,40,0.01,88,122,88,88,0.3,52,22.9,,1262.893782,,,9.1
Myanmar,2013,Developing,66.2,22,42,0.7,75,1010,76,75,0.4,55,22.1,,1168.83947,,,9.1
Myanmar,2012,Developing,65.9,25,44,0.55,58,2175,87,84,0.5,58,21.3,,1171.58257,,,9.1
Myanmar,2011,Developing,65.6,27,47,0.33,4,2046,9,84,0.5,61,2.5,,1186.423937,,,9.1
Myanmar,2010,Developing,65.4,29,49,0.3,92,190,9,9,0.5,65,19.8,,987.7365832,,,8.8
Myanmar,2009,Developing,65.2,211,52,0.28,91,329,9,9,0.6,69,19.1,,741.777116,,,8.5
Myanmar,2008,Developing,59.2,296,59,0.3,85,333,85,85,0.6,96,18.3,,643.951373,,,8.2
Myanmar,2007,Developing,64.5,217,58,0.26,85,1088,84,86,0.6,78,17.6,,41.451,,,8.1
Myanmar,2006,Developing,64.2,22,61,0.28,75,760,82,82,0.6,83,17,,296.97284,,,8
Myanmar,2005,Developing,63.9,224,64,0.28,62,314,86,73,0.5,87,16.4,,247.24276,,,7.9
Myanmar,2004,Developing,63.5,228,66,0.44,39,1329,92,82,0.5,90,15.7,,219.8156688,,,7.8
Myanmar,2003,Developing,63.2,231,69,0.4,8,830,86,78,0.5,93,15.2,,219.782326,,,7.7
Myanmar,2002,Developing,62.8,235,71,0.41,,736,84,79,0.4,96,14.6,,143.77651,,,7.6
Myanmar,2001,Developing,62.5,239,72,0.38,,2519,77,73,0.4,98,14.1,,138.9249275,,,7.6
Myanmar,2000,Developing,62.1,243,73,0.35,,845,88,82,0.4,100,13.6,,193.187484,,,7.5
Nepal,2015,Developing,69.2,165,17,,91,1599,9,91,0.1,21,19.1,,743.7653489,,,12.2
Nepal,2014,Developing,69.6,158,18,0.01,92,1279,92,92,0.1,22,18.5,,76.2386977,,,12.4
Nepal,2013,Developing,69.3,162,19,0.27,92,1861,92,92,0.1,24,18,,688.6172788,,,12.3
Nepal,2012,Developing,68.9,167,20,0.26,9,3362,9,9,0.2,25,17.4,,681.7925868,,,12.3
Nepal,2011,Developing,68.4,172,22,0.27,92,2359,92,92,0.2,27,16.9,,692.1166842,,,12
Nepal,2010,Developing,68,178,23,0.24,82,190,83,82,0.2,30,16.4,,592.1835216,,,11.1
Nepal,2009,Developing,67.5,183,25,0.22,89,189,93,89,0.2,32,15.9,,48.7299,,,10.5
Nepal,2008,Developing,67,189,27,0.21,82,2089,82,82,0.2,35,15.4,,473.844449,,,10.1
Nepal,2007,Developing,66.6,194,29,0.2,82,1415,82,82,0.2,38,14.9,,393.8843518,,,10
Nepal,2006,Developing,66,21,31,0.2,69,2838,91,89,0.2,41,14.4,,348.6314534,,,9.6
Nepal,2005,Developing,65.4,28,33,0.2,41,5023,78,75,0.2,44,13.9,,317.89198,,,9.4
Nepal,2004,Developing,64.7,218,35,0.21,27,12074,8,8,0.2,47,13.4,,287.4156,,,9.3
Nepal,2003,Developing,64.3,22,38,0.2,2,13344,76,78,0.1,50,12.9,,253.72412,,,9.2
Nepal,2002,Developing,63.1,238,40,0.19,,6749,72,72,0.1,54,12.4,,246.375621,,,8.6
Nepal,2001,Developing,63.2,23,43,0.09,,10849,73,72,0.1,58,11.9,,248.6183539,,,9
Nepal,2000,Developing,62.5,238,46,0.08,,9397,74,74,0.1,62,11.4,,231.42554,,,8.9
Netherlands,2015,Developed,81.9,57,1,,94,7,95,95,0.1,1,62.1,,44292.88473,,,18.1
Netherlands,2014,Developed,81.7,58,1,0.01,92,140,96,96,0.1,1,61.6,,52157.4687,,,18.1
Netherlands,2013,Developed,81.4,6,1,8.68,51,2632,97,97,0.1,1,61,,51574.48942,,,18.1
Netherlands,2012,Developed,81.1,62,1,9.05,2,10,97,97,0.1,1,6.5,,49474.7561,,,18.1
Netherlands,2011,Developed,81.1,63,1,8.96,2,51,97,97,0.1,1,59.9,,5354.6536,,,17.2
Netherlands,2010,Developed,88,64,1,9.33,,15,97,97,0.1,1,59.3,,5338.25483,,,17
Netherlands,2009,Developed,86,65,1,9.23,,15,97,97,0.1,1,58.6,,519.349,,,16.9
Netherlands,2008,Developed,83,68,1,9.62,,109,97,97,0.1,1,57.9,,56928.8248,,,16.8
Netherlands,2007,Developed,82,68,1,9.53,,10,97,97,0.1,1,57.3,,51241.31562,,,16.6
Netherlands,2006,Developed,79.8,71,1,9.79,,1,96,96,0.1,1,56.5,,44453.97119,,,16.5
Netherlands,2005,Developed,79.4,72,1,9.69,,4,96,96,0.1,1,55.8,,41577.169,,,16.4
Netherlands,2004,Developed,79.2,77,1,9.56,,11,98,98,0.1,1,55,,39954.64222,,,16.5
Netherlands,2003,Developed,78.7,8,1,9.56,,4,98,98,0.1,1,54.2,,35245.1647,,,16.5
Netherlands,2002,Developed,78.4,81,1,9.68,,3,97,97,0.1,1,53.4,,28817.32321,,,16.9
Netherlands,2001,Developed,78.3,82,1,9.95,,0,97,97,0.1,1,52.6,,26584.12169,,,16.7
Netherlands,2000,Developed,78.1,84,1,10.06,,1019,97,97,0.1,1,51.8,,25921.12794,,,16.5
New Zealand,2015,Developed,81.6,66,0,8.7,92,10,92,92,0.1,0,67.5,,3821.8937,,,19.2
New Zealand,2014,Developed,81.5,67,0,9.07,93,280,93,93,0.1,0,66.9,5683483,4453.24673,,,19.2
New Zealand,2013,Developed,81.3,69,0,9.18,93,8,92,92,0.1,0,66.4,5643475,42889.88141,,,19.3
New Zealand,2012,Developed,81.1,7,0,9.2,93,68,93,93,0.1,0,65.9,5614932,3997.25624,,,19.5
New Zealand,2011,Developed,86,72,0,9.47,95,597,95,95,0.1,0,65.3,5591572,38426.5581,,,19.7
New Zealand,2010,Developed,89,71,0,9.62,9,43,93,93,0.1,0,64.8,557572,33691.34837,,,20.3
New Zealand,2009,Developed,85,73,0,9.24,93,198,92,92,0.1,0,64.3,5547683,282.94193,,,19.3
New Zealand,2008,Developed,81,75,0,9.49,9,0,89,89,0.1,0,63.8,552395,31287.77865,,,19.5
New Zealand,2007,Developed,81,76,0,9.19,88,25,88,88,0.1,0,63.2,5493621,3259.73471,,,19.2
New Zealand,2006,Developed,79.9,76,0,9.34,87,20,89,89,0.1,0,62.6,5461438,2667.86452,,,19.1
New Zealand,2005,Developed,79.9,78,0,9.31,87,20,89,89,0.1,0,62.1,5437272,2775.89515,,,18.9
New Zealand,2004,Developed,79.2,79,0,9.15,88,33,87,89,0.1,0,61.5,5419432,2542.39935,,,18.4
New Zealand,2003,Developed,79.1,82,0,8.91,89,66,86,9,0.1,0,6.9,544523,21913.7817,,,18.2
New Zealand,2002,Developed,78.7,83,0,9.13,89,21,84,9,0.1,0,6.3,539574,16874.31232,,,17.5
New Zealand,2001,Developed,78.5,83,0,8.75,9,65,82,9,0.1,0,59.6,5375931,13882.85683,,,17.4
New Zealand,2000,Developed,78.6,87,0,8.91,9,65,82,9,0.1,0,58.9,5358783,13641.1272,,,17.2
Norway,2015,Developed,81.8,59,0,5.97,,14,95,95,0.1,0,61.2,5339616,7455.24654,,,17.7
Norway,2014,Developed,81.6,61,0,6.06,,3,93,93,0.1,0,6.8,927414,975.49856,,,17.7
Norway,2013,Developed,81.5,62,0,6.21,,8,94,94,0.1,0,6.3,912164,1291.435,,,17.5
Norway,2012,Developed,81.3,61,0,6.21,,4,95,95,0.1,0,59.8,896688,11563.727,,,17.6
Norway,2011,Developed,81.1,67,0,6.53,,39,94,94,0.1,0,59.4,881185,1574.9861,,,17.6
Norway,2010,Developed,81,66,0,6.59,,3,93,93,0.1,0,58.9,865937,87646.75346,,,17.4
Norway,2009,Developed,89,67,0,6.68,,2,94,94,0.1,0,58.5,851146,817.77681,,,17.4
Norway,2008,Developed,86,67,0,6.75,,4,94,94,0.1,0,58,83684,9688.5961,,,17.6
Norway,2007,Developed,85,67,0,6.6,,0,93,93,0.1,0,57.5,822934,85128.65759,,,17.6
Norway,2006,Developed,84,7,0,6.47,,0,94,94,0.1,0,57,8942,74114.69715,,,17.5
Norway,2005,Developed,81,73,0,6.37,,0,91,91,0.1,0,56.5,79628,66775.3944,,,17.6
Norway,2004,Developed,79.8,77,0,6.22,,7,92,92,0.1,0,55.9,783254,5757.26916,,,17.5
Norway,2003,Developed,79.4,78,0,6.04,,8,92,92,0.1,0,55.3,77752,5111.65445,,,17.1
Norway,2002,Developed,78.9,81,0,5.89,,5,93,93,0.1,0,54.6,758615,4361.1538,,,17.1
Norway,2001,Developed,78.8,82,0,5.49,,4,91,91,0.1,0,54,746221,38549.58934,,,17.5
Norway,2000,Developed,78.5,85,0,5.67,,0,91,9,0.1,0,53.3,732711,38146.71539,,,17.1
Pakistan,2015,Developing,66.4,161,352,,72,386,72,72,0.1,433,25.4,717584,1431.244865,,,8.1
Pakistan,2014,Developing,66.2,162,359,0.01,72,1370,72,72,0.1,442,24.7,,1316.98966,,,7.8
Pakistan,2013,Developing,66,163,365,0.04,72,8749,72,72,0.1,450,23.9,1528394,1272.44161,,,7.7
Pakistan,2012,Developing,65.7,165,369,0.04,72,8046,72,72,0.1,456,23.2,145844,1261.28967,,,7.6
Pakistan,2011,Developing,65.5,167,371,0.04,74,4386,75,74,0.1,459,22.5,1281296,1226.215314,,,7.5
Pakistan,2010,Developing,65.1,172,372,0.04,82,4321,82,82,0.1,461,21.9,115495,14.142268,,,7.5
Pakistan,2009,Developing,64.8,175,371,0.03,78,863,7,71,0.1,460,21.3,12795,16.63999,,,7.3
Pakistan,2008,Developing,64.6,177,369,0.03,65,1129,7,62,0.1,460,2.6,9897985,139.31288,,,
Pakistan,2007,Developing,64.4,178,367,0.03,75,2801,75,75,0.1,459,2.1,9767758,95.4327931,,,
Pakistan,2006,Developing,64.2,179,365,0.03,78,7641,77,78,0.1,458,19.5,963652,873.772727,,,
Pakistan,2005,Developing,62.9,2,364,0.04,7,2981,78,77,0.1,459,18.9,954353,711.4699463,,,
Pakistan,2004,Developing,63.7,183,364,0.01,65,4248,65,65,0.1,461,18.4,9371338,649.848233,,,
Pakistan,2003,Developing,63.5,185,366,0.01,63,4740,69,67,0.1,466,17.9,9237566,563.594342,,,
Pakistan,2002,Developing,63.2,187,371,0.01,,3903,71,68,0.1,474,17.4,912998,499.8633,,,
Pakistan,2001,Developing,63,189,377,0.01,,3849,68,65,0.1,483,16.9,896776,51.6568157,,,
Pakistan,2000,Developing,62.8,19,385,0.02,,2064,65,62,0.1,495,16.4,8832285,533.8624114,,,
Philippines,2015,Developing,68.5,211,52,,6,619,79,6,0.1,66,25.4,8697126,2878.33837,,,
Philippines,2014,Developing,68.4,214,54,4.52,67,58848,77,67,0.1,68,24.8,8562622,2842.938353,,,
Philippines,2013,Developing,68.1,219,55,4.61,89,2920,84,89,0.1,69,24.3,16144368,276.289146,,,
Philippines,2012,Developing,68.1,217,56,5.02,88,1536,88,88,0.1,71,23.7,1593112,2581.818554,,,
Philippines,2011,Developing,68,218,57,4.96,87,6538,87,87,0.1,72,23.1,15661547,2352.518156,,,
Philippines,2010,Developing,67.9,218,58,4.85,77,6368,78,79,0.1,74,22.6,15419666,2129.499242,,,
Philippines,2009,Developing,68,219,59,4.42,85,1469,86,87,0.1,76,22.1,15177355,1825.341521,,,
Philippines,2008,Developing,67.5,217,60,4.21,88,341,91,91,0.1,78,21.6,1493469,1919.466195,,,
Philippines,2007,Developing,67.5,216,62,4.19,87,530,87,87,0.1,80,21.1,14691275,1672.685433,,,
Philippines,2006,Developing,67.3,219,63,4.08,77,9,88,88,0.1,82,2.6,14447562,1391.772325,,,
Philippines,2005,Developing,67,223,65,4.22,49,118,9,89,0.1,84,2.1,1425453,1194.697155,,,
Philippines,2004,Developing,67.3,218,66,4.45,48,3025,85,88,0.1,86,19.6,1396748,179.3715,,,
Philippines,2003,Developing,67.2,217,67,4.44,52,10511,85,84,0.1,87,19.2,13735233,11.553196,,,
Philippines,2002,Developing,66.8,221,68,4.42,42,7003,77,79,0.1,89,18.7,1359647,1.68135,,,
Philippines,2001,Developing,66.8,221,68,4.54,45,7360,76,79,0.1,89,18.3,1328961,957.287441,,,
Philippines,2000,Developing,66.8,219,69,4.73,7,7120,74,78,0.1,90,17.8,13726,138.91977,,,
Poland,2015,Developed,77.5,117,2,,96,0,92,98,0.1,2,61.7,12852755,12565.9876,,,
Poland,2014,Developed,77.3,12,2,10.71,96,0,94,98,0.1,2,61.1,12628596,14341.675,,,
Poland,2013,Developed,77.1,12,2,11.63,96,84,95,99,0.1,2,6.4,,1378.54911,,,
Poland,2012,Developed,76.8,125,2,10.81,97,71,95,99,0.1,2,59.7,,13145.1484,,,
Poland,2011,Developed,76.7,128,2,10.93,98,0,96,99,0.1,2,59.1,,13893.18768,,,
Poland,2010,Developed,76.3,13,2,10.59,98,13,96,99,0.1,2,58.4,,12599.52486,,,
Poland,2009,Developed,75.7,136,2,10.7,98,115,96,99,0.1,3,57.8,,11527.59323,,,
Poland,2008,Developed,75.5,14,2,11.4,98,0,96,99,0.1,3,57.2,,141.44688,,,
Poland,2007,Developed,75.3,144,2,10.9,98,40,99,99,0.1,3,56.6,,1126.31852,,,
Poland,2006,Developed,75.2,144,2,10.4,98,120,99,99,0.1,3,56,,94.7726,,,
Poland,2005,Developed,75,144,2,9.5,98,13,99,99,0.1,3,55.5,,821.251569,,,
Poland,2004,Developed,74.9,143,2,9.19,98,11,99,99,0.1,3,55,,6681.178818,,,
Poland,2003,Developed,74.7,142,3,9.06,97,48,98,99,0.1,3,54.5,,5693.52416,,,
Poland,2002,Developed,74.5,145,3,8.02,98,34,98,99,0.1,3,54,,5196.932921,,,
Poland,2001,Developed,74.2,149,3,7.74,95,133,98,98,0.1,3,53.6,,4981.198619,,,14.7
Poland,2000,Developed,73.7,153,3,8.4,99,77,98,98,0.1,4,53.1,,4492.72764,,,14.6
Saudi Arabia,2015,Developing,74.5,88,7,,98,219,97,98,0.1,8,68.2,,2732.86172,,,16.1
Saudi Arabia,2014,Developing,74.4,88,7,0.09,98,154,98,98,0.1,9,67.3,,24575.434,,,15.8
Saudi Arabia,2013,Developing,74.3,89,8,0.09,98,1164,98,98,0.1,9,66.4,6312478,24934.38614,,,15.2
Saudi Arabia,2012,Developing,74.1,9,8,0.09,98,294,98,98,0.1,9,65.6,6281189,2533.9462,,,14.5
Saudi Arabia,2011,Developing,73.9,92,8,0.09,98,362,98,98,0.1,9,64.7,625777,2377.74739,,,13.9
Saudi Arabia,2010,Developing,73.7,94,8,0.09,98,334,98,98,0.1,9,63.9,6221246,19259.58726,,,13.3
Saudi Arabia,2009,Developing,73.4,97,8,0.09,98,82,98,98,0.1,10,63.1,619256,1694.2931,,,13
Saudi Arabia,2008,Developing,73.3,98,9,0.09,98,158,98,98,0.1,10,62.4,6164626,237.83234,,,12.8
Saudi Arabia,2007,Developing,73.2,99,9,0.1,96,4648,96,96,0.1,10,61.6,6137276,16472.1665,,,12.7
Saudi Arabia,2006,Developing,73.2,1,9,0.08,96,807,96,96,0.1,10,6.9,61131,15334.66994,,,12.5
Saudi Arabia,2005,Developing,73.1,11,9,0.05,97,373,96,96,0.1,10,6.2,683475,13739.82945,,,12.4
Saudi Arabia,2004,Developing,73.1,12,9,0.06,96,1880,96,96,0.1,11,59.4,656478,11138.8746,,,12.3
Saudi Arabia,2003,Developing,73,13,9,0.05,95,1208,95,95,0.1,11,58.5,628961,9567.458285,,,12.2
Saudi Arabia,2002,Developing,72.9,15,10,0.05,97,311,95,95,0.1,11,57.7,6775,8655.311531,,,12.1
Saudi Arabia,2001,Developing,72.8,17,10,0.05,95,155,97,97,0.1,12,56.9,5971535,8643.4944,,,12
Saudi Arabia,2000,Developing,72.6,11,10,0.05,93,0,95,95,0.1,12,56.2,59433,9126.954277,,,11.8
Seychelles,2015,Developing,73.2,168,0,,98,0,97,97,0.1,0,37.4,595962,1539.464,,,14.1
Seychelles,2014,Developing,73,17,0,0.01,99,0,99,99,0.1,0,36.2,5867626,1557.77892,,,13.2
Seychelles,2013,Developing,72.9,172,0,0.01,99,0,98,98,0.1,0,35.5,1175389,15687.34795,,,13.5
Seychelles,2012,Developing,72.7,174,0,0.01,99,0,98,98,0.1,0,34.8,1129424,12845.17363,,,13.5
Seychelles,2011,Developing,72.6,177,0,9.72,99,0,99,99,0.1,0,34.2,183746,12189.9516,,,13.3
Seychelles,2010,Developing,72.4,18,0,6.51,99,0,99,99,0.1,0,33.5,138593,184.68447,,,13.2
Seychelles,2009,Developing,72.3,182,0,4.94,99,0,99,99,0.1,0,32.4,99429,976.9566,,,13.2
Seychelles,2008,Developing,72.2,184,0,6.33,99,0,99,99,0.1,0,31.8,95114,11122.8627,,,13.2
Seychelles,2007,Developing,72.2,185,0,8.12,99,1,99,99,0.1,0,31.2,99111,12154.82994,,,13.1
Seychelles,2006,Developing,72.2,185,0,8.12,99,10,99,99,0.1,0,3.7,868418,1214.39987,,,13.1
Seychelles,2005,Developing,72.2,185,0,7.82,99,0,99,99,0.1,0,3.1,829327,1192.5174,,,12.1
Seychelles,2004,Developing,72.1,186,0,7.91,99,0,99,99,0.1,0,29.2,792217,1176.65871,,,12.3
Seychelles,2003,Developing,72.1,185,0,7.41,99,0,99,99,0.1,0,28.7,757317,8524.961236,,,12.1
Seychelles,2002,Developing,72.1,186,0,11.15,99,0,99,99,0.1,0,28.1,724817,8331.261997,,,12.1
Seychelles,2001,Developing,72,187,0,6.72,96,0,96,96,0.1,0,27.6,694611,7663.1378,,,12.2
Seychelles,2000,Developing,71.8,188,0,8.24,98,0,98,98,0.1,0,27.1,66647,7578.85153,,,12.3
Singapore,2015,Developed,83.1,55,0,1.79,96,0,96,96,0.1,0,33.2,639762,53629.73746,,,15.4
Singapore,2014,Developed,82.9,56,0,1.83,96,0,96,96,0.1,0,32.9,614323,56336.7234,,,15.4
Singapore,2013,Developed,82.7,57,0,1.83,97,138,97,97,0.1,0,32.7,,5629.18914,,,15.4
Singapore,2012,Developed,82.5,59,0,1.89,97,42,97,97,0.1,0,32.4,,54431.16199,,,15.4
Singapore,2011,Developed,82.2,6,0,1.8,96,148,96,96,0.1,0,32.1,,53166.67581,,,15.2
Singapore,2010,Developed,82,61,0,1.84,96,50,96,96,0.1,0,31.8,,46569.67951,,,14.5
Singapore,2009,Developed,81.7,62,0,1.73,96,16,97,97,0.1,0,31.5,447469,38577.55822,,,14.4
Singapore,2008,Developed,81.4,64,0,1.7,97,18,97,97,0.1,0,31.2,43984,39721.4818,,,14.2
Singapore,2007,Developed,81.1,65,0,1.6,96,15,97,97,0.1,0,3.9,431334,39223.58187,,,14.1
Singapore,2006,Developed,87,66,0,1.55,95,23,95,95,0.1,0,3.5,4232636,33579.85948,,,13.9
Singapore,2005,Developed,82,69,0,1.49,96,33,96,96,0.1,0,3.2,4153332,29869.85398,,,12.6
Singapore,2004,Developed,79.7,71,0,1.45,94,96,95,95,0.1,0,29.9,466648,2745.27136,,,12.7
Singapore,2003,Developed,79.3,73,0,1.43,95,33,96,96,0.1,0,29.6,39697,23573.6284,,,12.7
Singapore,2002,Developed,79,74,0,2.16,95,211,94,94,0.1,0,29.2,3858623,2216.83279,,,12.6
Singapore,2001,Developed,78.7,76,0,2.08,95,408,95,96,0.1,0,28.9,3738265,21577.7823,,,12.7
Singapore,2000,Developed,78.3,78,0,2.03,97,141,98,98,0.1,0,28.5,3614639,23792.677,,,12.5
South Africa,2015,Developing,62.9,328,42,,75,17,75,75,3.6,52,51.1,3497124,5769.77258,,,13
South Africa,2014,Developing,62,347,42,7.38,8,66,77,77,3.7,52,5.3,339281,6479.625659,,,13
South Africa,2013,Developing,69,371,43,7.34,7,25,73,73,4.5,54,49.5,131547,6876.953821,,,12.8
South Africa,2012,Developing,59.2,48,43,7.38,68,32,65,65,7.6,56,48.7,1314545,7548.163698,,,12.8
South Africa,2011,Developing,58.9,413,43,7.38,76,92,69,69,8.5,58,47.9,1317997,849.954224,,,12.8
South Africa,2010,Developing,58,428,43,7.28,71,12499,72,72,11,62,47.2,1322696,7362.76139,,,12.8
South Africa,2009,Developing,56.5,449,46,7.6,74,5857,75,76,19,70,46.4,1327439,5888.6284,,,12.8
South Africa,2008,Developing,55.3,473,50,8.19,76,39,77,79,23.5,75,45.7,1331475,5786.59972,,,12.9
South Africa,2007,Developing,54.5,486,51,8.48,83,31,79,82,26.4,79,45,1334515,6125.39984,,,12.9
South Africa,2006,Developing,54,496,54,8.5,83,81,79,82,28.1,82,44.3,13379,5631.73485,,,12.9
South Africa,2005,Developing,53.8,498,55,8.69,79,615,75,79,29.5,84,43.6,13468,5414.634326,,,12.9
South Africa,2004,Developing,53.7,497,55,6.96,76,830,73,74,29.7,83,42.9,134681,4863.51688,,,12.9
South Africa,2003,Developing,54,485,55,6.93,71,244,7,69,28.9,82,42.2,1354775,3775.68275,,,12.9
South Africa,2002,Developing,54.9,459,54,7.04,72,1043,7,7,26.6,79,41.6,136255,2518.398261,,,12.9
South Africa,2001,Developing,56,429,52,7.38,72,1166,71,71,24,76,4.9,13772,2681.781,,,13
South Africa,2000,Developing,57.3,397,51,7.3,73,1459,71,73,21.3,73,4.1,137935,337.2253,,,13
South Sudan,2015,Developing,57.3,332,26,,31,878,41,31,3.4,39,,1388115,758.725782,,,4.9
South Sudan,2014,Developing,56.6,343,26,,,441,44,39,3.5,39,,1396985,1151.861715,,,4.9
South Sudan,2013,Developing,56.4,345,26,,,525,5,45,3.6,40,,9987333,1186.11325,,,4.9
South Sudan,2012,Developing,56,347,26,,,1952,64,59,3.8,40,,97366774,958.45581,,,4.9
South Sudan,2011,Developing,55.4,355,27,,,1256,66,61,3.9,41,,94887724,176.9713,,,4.9
South Sudan,2010,Developing,55,359,27,,,0,,,4,41,,92444183,1562.239346,,,0
South Sudan,2009,Developing,54.3,369,27,,,0,,,4.2,42,,946756,1264.78998,,,0
South Sudan,2008,Developing,53.6,377,27,,,0,,,4.2,42,,877267,1678.711862,,,0
South Sudan,2007,Developing,53.1,381,27,,,0,,,4.2,43,,85416253,,,,0
South Sudan,2006,Developing,52.5,383,28,,,0,,,4.1,43,,83184892,,,,0
South Sudan,2005,Developing,51.9,383,28,,,0,,,3.9,44,,8149,,,,0
South Sudan,2004,Developing,51.4,383,29,,,0,,,3.8,45,,7885689,,,,0
South Sudan,2003,Developing,58,383,29,,,0,,,3.5,46,,7672783,,,,0
South Sudan,2002,Developing,52,382,30,,,0,,,3.3,48,,7462445,,,,0
South Sudan,2001,Developing,49.6,381,30,,,0,,,3,49,,72545144,,,,0
South Sudan,2000,Developing,48.9,38,31,,,0,,,2.7,50,,7497192,,,,0
Spain,2015,Developed,82.8,56,1,,97,115,97,97,0.1,1,66.6,68492257,25683.84565,0.6,,17.7
Spain,2014,Developed,82.6,58,1,0.01,96,154,97,97,0.1,1,66,66537331,296.47225,0.6,,17.6
Spain,2013,Developed,82.4,6,1,9.25,95,131,96,96,0.1,2,65.4,892149,2921.9342,0.6,,17.5
Spain,2012,Developed,82,61,1,9.35,96,1204,97,97,0.1,2,64.8,88586,28562.29324,0.6,,17.2
Spain,2011,Developed,82.1,63,1,9.62,97,3802,97,97,0.1,2,64.1,879715,31834.21816,0.6,,16.9
Spain,2010,Developed,81.9,64,1,9.78,97,302,97,97,0.1,2,63.5,873596,3736.228,0.6,,16.4
Spain,2009,Developed,81.6,66,2,9.99,96,41,96,96,0.1,2,62.9,86786,32333.4661,0.6,,16.3
Spain,2008,Developed,81.3,7,2,10.24,97,297,97,97,0.1,2,62.3,85995,35578.73619,0.6,,16.1
Spain,2007,Developed,89,72,2,11.05,96,267,96,96,0.1,2,61.7,851967,3279.414,0.6,,16
Spain,2006,Developed,88,73,2,11.86,97,362,98,98,0.1,2,61.1,84334,28482.6948,0.6,,15.9
Spain,2005,Developed,81,77,2,11.92,96,22,96,96,0.1,2,6.5,834812,2651.71745,0.6,,15.8
Spain,2004,Developed,81,79,2,11.96,97,26,97,97,0.1,2,59.9,827411,24918.64584,0.6,,15.6
Spain,2003,Developed,79.4,83,2,12.09,81,256,99,98,0.1,2,59.3,821817,21495.7741,0.6,,15.6
Spain,2002,Developed,79.5,83,2,12.26,82,67,98,98,0.1,2,58.8,818354,1719.53541,0.6,,15.7
Spain,2001,Developed,79.4,84,2,9.86,83,0,95,96,0.1,2,58.2,816628,15323.6114,0.6,,15.7
Spain,2000,Developed,79.1,86,2,11.12,77,152,95,95,0.1,2,57.6,815691,14676.769,0.6,,15.7
Sri Lanka,2015,Developing,74.9,138,3,,99,1568,99,99,0.1,3,23.4,814218,3844.89123,15.1,,14
Sri Lanka,2014,Developing,74.7,141,3,2.37,99,1686,99,99,0.1,3,22.7,811223,382.54994,15.2,,14
Sri Lanka,2013,Developing,74.6,142,3,2.56,99,2107,99,99,0.1,3,21.9,5479531,361.289374,15.2,,13.8
Sri Lanka,2012,Developing,74.5,143,3,2.8,99,51,99,99,0.1,4,21.2,5461512,335.521375,15.3,,13.7
Sri Lanka,2011,Developing,74.5,141,3,3.03,99,60,99,99,0.1,4,2.5,5438972,322.992615,15.3,,13.6
Sri Lanka,2010,Developing,74.5,138,3,2.31,99,79,99,99,0.1,4,19.8,5413971,2819.511161,15.3,,
Sri Lanka,2009,Developing,71.8,183,4,2.05,97,21,97,97,0.1,4,19.2,5388272,216.681584,15.3,,
Sri Lanka,2008,Developing,72.3,172,4,2.1,98,33,98,98,0.1,4,18.5,5363352,254.489192,15.4,,
Sri Lanka,2007,Developing,73.7,146,4,2.29,98,44,98,98,0.1,5,17.9,5338871,1644.816372,15.4,,
Sri Lanka,2006,Developing,73.8,145,4,1.96,98,0,98,98,0.1,5,17.2,5313399,1448.7611,15.4,,
Sri Lanka,2005,Developing,74.2,138,4,1.97,99,3,99,99,0.1,5,16.6,528872,1259.87591,15.4,,
Sri Lanka,2004,Developing,69.1,197,6,1.56,62,35,97,97,0.1,10,16.1,5266268,174.6692,15.4,,
Sri Lanka,2003,Developing,73.9,146,5,1.69,32,65,98,99,0.1,5,15.6,524696,989.4547732,15.4,,
Sri Lanka,2002,Developing,73.7,149,5,1.62,,139,98,98,0.1,5,15.1,5228172,873.1472436,15.4,,
Sri Lanka,2001,Developing,72.7,16,5,1.68,,309,98,98,0.1,6,14.6,521314,837.699787,15.4,,
Sri Lanka,2000,Developing,71.5,175,5,1.45,,16527,99,99,0.1,6,14.1,52598,875.412178,15.3,,
Swaziland,2015,Developing,58.9,373,2,,9,0,84,9,7.1,3,32.3,51888,3136.92511,4,,
Swaziland,2014,Developing,58.4,382,2,0.01,98,0,98,98,7.3,3,31.8,517629,3464.35169,4.3,,
Swaziland,2013,Developing,57.6,393,2,0.01,98,0,98,98,9.8,3,31.2,6662468,3598.75972,4.5,,
Swaziland,2012,Developing,56.5,412,2,0.01,95,0,92,95,12.2,3,3.7,66331957,3851.51547,4.8,,
Swaziland,2011,Developing,55,438,2,5.2,91,0,85,91,15.7,3,3.2,6599857,3934.27325,5.1,,
Swaziland,2010,Developing,53.6,459,2,4.93,89,313,89,89,21.6,4,29.7,6565979,369.239336,5.4,,
Swaziland,2009,Developing,52.6,46,3,4.9,88,26,89,88,33.7,4,29.3,65342776,332.517125,5.8,,
Swaziland,2008,Developing,51.4,477,3,4.87,9,1,89,88,40.2,4,28.9,6527512,2842.438422,6.1,,
Swaziland,2007,Developing,50,51,3,5.55,92,0,88,87,40.7,4,28.5,647744,347.48798,6.5,,
Swaziland,2006,Developing,47.8,564,3,5.53,93,0,88,87,43.7,4,28.2,6437499,2937.36723,6.9,,
Swaziland,2005,Developing,46,63,3,5.08,95,0,88,86,49.1,4,27.8,6416229,2873.862141,7.3,,
Swaziland,2004,Developing,45.6,69,3,5.78,93,0,88,86,50.3,4,27.4,63621376,2529.633557,7.7,,
Swaziland,2003,Developing,45.9,6,3,5.65,9,350,87,85,50.6,4,27.1,63179356,22.99449,8.2,,
Swaziland,2002,Developing,46.4,587,3,5.52,88,37,87,85,49.9,4,26.7,6274897,1324.996228,8.6,,
Swaziland,2001,Developing,47.1,568,3,6.72,86,49,87,84,48.8,4,26.3,62244884,1437.634951,9,,
Swaziland,2000,Developing,48.4,536,3,7.19,83,10,87,84,46.4,4,25.9,6185267,1637.4567,9.4,,
Sweden,2015,Developed,82.4,53,0,,67,22,98,98,0.1,0,59.5,61357431,5585.25847,1.5,,
Sweden,2014,Developed,82.3,54,0,7.3,67,26,98,98,0.1,0,59,6912498,5918.19898,1.5,,
Sweden,2013,Developed,81.9,57,0,7.3,67,51,98,98,0.1,0,58.5,193175,6283.24522,1.4,,15.8
Sweden,2012,Developed,81.7,57,0,7.4,53,30,98,98,0.1,0,58.1,1875713,57134.777,1.4,,15.8
Sweden,2011,Developed,81.7,58,0,7.4,42,26,98,98,0.1,0,57.7,1817271,59593.28711,1.4,,16
Sweden,2010,Developed,81.5,58,0,7.2,,6,98,98,0.1,0,57.3,1756817,5276.25591,1.3,,15.8
Sweden,2009,Developed,81.4,62,0,7.3,,3,98,98,0.1,0,56.9,169711,4627.592,1.3,,15.8
Sweden,2008,Developed,81.1,62,0,6.9,,25,98,98,0.1,0,56.5,16421,55746.84238,1.3,,15.7
Sweden,2007,Developed,89,63,0,6.9,,1,98,98,0.1,0,56.1,1586754,53324.37937,1.3,,15.8
Sweden,2006,Developed,88,64,0,6.5,,19,98,98,0.1,0,55.7,1536411,46256.4716,1.3,,15.9
Sweden,2005,Developed,85,66,0,6.5,,13,98,98,0.1,0,55.3,1489193,4385.35315,1.3,,16
Sweden,2004,Developed,83,7,0,6.6,,5,99,99,0.1,0,54.9,1444844,42442.2245,1.3,,16
Sweden,2003,Developed,82,69,0,6.9,,3,99,99,0.1,0,54.4,143126,36961.42537,1.3,,15.9
Sweden,2002,Developed,79.9,71,0,6.9,,9,99,99,0.1,0,53.9,136425,29571.7446,1.3,,15.9
Sweden,2001,Developed,79.8,73,0,6.6,,5,99,99,0.1,0,53.4,1328146,26969.24457,1.3,,15.9
Sweden,2000,Developed,79.6,73,0,6.2,,59,99,99,0.1,0,52.8,129449,29283.55,1.4,,15.9
Switzerland,2015,Developed,83.4,49,0,,,35,97,97,0.1,0,57.4,1262259,8989.8424,0.4,,16
Switzerland,2014,Developed,83.2,51,0,9.61,,23,96,96,0.1,0,57,1231122,85814.58857,0.4,,15.9
Switzerland,2013,Developed,83,52,0,9.73,,175,96,96,0.1,0,56.6,,84658.88768,0.4,,15.8
Switzerland,2012,Developed,82.7,54,0,9.86,,61,96,96,0.1,0,56.2,,83164.38795,0.5,,15.7
Switzerland,2011,Developed,82.6,55,0,9.99,,621,96,96,0.1,0,55.8,,87998.44468,0.5,,15.6
Switzerland,2010,Developed,82.3,57,0,10.01,,77,96,95,0.1,0,55.4,,74276.71842,0.5,,15.4
Switzerland,2009,Developed,82.1,6,0,10.15,,958,96,95,0.1,0,55,,69672.471,0.5,,15.3
Switzerland,2008,Developed,82,6,0,10.29,,2022,96,95,0.1,0,54.6,,72119.5687,0.5,,15.3
Switzerland,2007,Developed,81.7,63,0,10.44,,1015,94,94,0.1,0,54.1,,63223.46778,0.5,,15.3
Switzerland,2006,Developed,81.5,65,0,10.24,,0,94,94,0.1,0,53.7,,57348.92788,0.6,,15.2
Switzerland,2005,Developed,81.1,66,0,10.15,,60,94,94,0.1,0,53.2,,54797.54663,0.6,,15.2
Switzerland,2004,Developed,81,69,0,10.55,,39,95,93,0.1,0,52.8,,53255.97631,0.6,,15.1
Switzerland,2003,Developed,85,72,0,10.82,,574,95,93,0.1,0,52.3,,4796.56497,0.6,,15
Switzerland,2002,Developed,84,74,0,10.85,,0,95,93,0.1,0,51.8,,41336.72192,0.6,,15.2
Switzerland,2001,Developed,82,75,0,11.12,,700,95,93,0.1,0,51.3,,38538.64447,0.7,,15.2
Switzerland,2000,Developed,79.7,78,0,11.26,,0,95,93,0.1,0,5.8,,37813.23426,0.7,,15.1
Thailand,2015,Developing,74.9,148,8,,99,154,99,99,0.1,9,33.6,,5814.863134,7.7,,13.6
Thailand,2014,Developing,74.6,152,8,6.41,99,0,99,99,0.1,10,32.4,,5941.8471,7.8,,13.6
Thailand,2013,Developing,74.5,153,9,6.5,99,2641,99,99,0.1,10,31.3,37171,6171.262444,7.9,,13.6
Thailand,2012,Developing,74.3,154,9,6.56,98,5197,99,99,0.1,11,3.1,3727,5859.915622,8,,13.7
Thailand,2011,Developing,74.1,155,10,6.07,98,3156,99,99,0.2,11,29,3776,5491.159981,8.1,,13.3
Thailand,2010,Developing,73.9,158,10,5.95,98,2583,99,99,0.2,12,27.9,3825,575.32176,8.2,,13.1
Thailand,2009,Developing,73.7,16,11,5.88,98,6071,99,99,0.3,12,26.8,3875,4212.5492,8.3,,13
Thailand,2008,Developing,73.5,162,11,5.92,98,7790,99,99,0.3,13,25.7,3926,4378.68746,8.5,,12.9
Thailand,2007,Developing,73.3,165,12,6.2,96,3893,98,98,0.4,14,24.6,3978,3972.26475,8.6,,12.3
Thailand,2006,Developing,73,168,13,6.18,96,3588,98,98,0.5,15,23.6,43,3368.952576,8.7,,12.4
Thailand,2005,Developing,72.5,177,13,6.26,96,3526,98,98,0.5,15,22.6,482,2893.651356,8.9,,12
Thailand,2004,Developing,71.6,189,14,6.17,96,4165,98,98,0.5,16,21.7,4136,2659.83918,9,,11.9
Thailand,2003,Developing,71.7,189,15,6.14,96,4519,98,98,0.6,18,2.9,419,2358.93629,9.1,,11.8
Thailand,2002,Developing,71.4,192,16,5.93,95,10315,97,96,0.7,19,2.2,4245,296.54617,9.2,,11.5
Thailand,2001,Developing,71.2,194,17,5.92,95,7319,97,96,0.8,20,19.4,431,1893.145377,9.3,,11.2
Thailand,2000,Developing,71.1,194,18,5.88,95,4074,97,97,0.8,21,18.7,4357,27.564826,9.4,,10.9
Turkey,2015,Developing,75.8,16,15,,97,342,97,97,0.1,18,66.1,43864,1979.52569,4.9,,14.5
Turkey,2014,Developing,75.5,17,16,1.45,96,565,96,96,0.1,19,65.3,44183,12127.22522,4.9,,14.5
Turkey,2013,Developing,75.2,19,17,1.41,97,7405,98,98,0.1,20,64.5,81686611,12542.93565,4.9,,14.4
Turkey,2012,Developing,74.8,112,19,1.54,97,349,97,97,0.1,22,63.7,89825,1172.3843,4.9,,14.3
Turkey,2011,Developing,74.5,114,20,1.53,96,111,97,97,0.1,23,62.8,864565,11341.13395,4.9,,13.8
Turkey,2010,Developing,74.2,116,21,1.49,96,7,97,97,0.1,25,61.9,8425823,1672.5693,4.9,,13
Turkey,2009,Developing,73.9,118,23,1.4,94,4,96,96,0.1,27,61.1,8274983,936.499911,4.9,,12.5
Turkey,2008,Developing,73.5,121,25,1.39,92,0,96,96,0.1,29,6.2,8177693,185.68975,5,,12.5
Turkey,2007,Developing,73.2,124,26,1.26,96,3,96,96,0.1,31,59.3,819237,979.49246,5,,
Turkey,2006,Developing,72.8,126,28,1.29,82,34,9,9,0.1,34,58.5,821197,834.869161,5,,
Turkey,2005,Developing,72.4,129,30,1.29,85,6200,9,9,0.1,36,57.6,82266372,7384.354661,5,,
Turkey,2004,Developing,72,132,33,1.35,77,8927,85,85,0.1,39,56.8,82376451,64.72953,5.1,,
Turkey,2003,Developing,71.6,135,35,1.42,68,5844,69,68,0.1,43,55.9,82469422,4718.51291,5.1,,
Turkey,2002,Developing,71.2,138,38,1.47,72,7823,78,78,0.1,46,55.1,8251626,366.57,5.2,,
Turkey,2001,Developing,78,14,41,1.49,77,30509,88,88,0.1,50,54.3,82534176,3119.63716,5.2,,
Turkey,2000,Developing,74,143,44,1.54,71,16244,85,85,0.1,54,53.5,82488495,4316.553895,5.3,,
Uganda,2015,Developing,62.3,291,66,,78,478,82,78,3.1,93,18.5,82349925,693.8963829,5.6,,
Uganda,2014,Developing,61.5,38,68,0.01,78,314,82,78,3.2,97,18.1,8221158,719.172669,5.7,,
Uganda,2013,Developing,67,325,71,0.01,78,7878,82,78,4,103,17.6,27582821,662.492293,5.7,,
Uganda,2012,Developing,60,339,73,0.01,78,2027,82,78,4.6,109,17.2,26962563,647.74741,5.8,,
Uganda,2011,Developing,59.3,347,76,10.22,82,3312,82,82,6.8,114,16.7,26346251,584.3962137,5.9,,
Uganda,2010,Developing,58.4,362,79,10.03,8,1313,79,8,8,119,16.3,2573349,594.9972557,6,,
Uganda,2009,Developing,57.5,378,82,9.63,79,1601,78,79,8.1,124,15.9,25121796,647.17732,6.1,,
Uganda,2008,Developing,56.3,41,84,9.79,71,1319,69,71,8.2,130,15.6,2451214,449.6928183,6.2,,
Uganda,2007,Developing,55.5,41,88,9.65,73,3776,7,73,8.4,137,15.2,2393831,41.858631,6.3,,
Uganda,2006,Developing,54.9,41,93,9.81,64,5736,62,64,8.6,145,14.8,2329864,336.4593923,6.4,,
Uganda,2005,Developing,53.2,446,99,10.09,64,22,59,64,8.7,155,14.5,227212,315.788227,6.5,,
Uganda,2004,Developing,51.3,485,104,9.89,62,141,58,62,8.9,164,14.2,22113425,288.236949,6.6,,
Uganda,2003,Developing,51,53,109,10.16,44,29429,57,59,9.4,173,13.9,215429,237.9995917,6.7,,
Uganda,2002,Developing,48.8,523,112,10.42,29,49871,57,57,10,181,13.6,2986536,24.2423229,6.8,,
Uganda,2001,Developing,47.7,539,115,10.57,,48543,56,55,10.8,187,13.3,2446782,234.984775,6.9,,
Uganda,2000,Developing,46.6,554,116,10.47,,42554,55,52,11.6,191,13,19924522,257.63369,7,,9.8
Ukraine,2015,Developing,71.3,195,4,,22,105,51,23,0.2,5,61.3,1942165,2124.662666,2.3,,
Ukraine,2014,Developing,78,23,4,8.06,22,0,45,23,0.2,5,6.7,18938762,314.658296,2.3,,
Ukraine,2013,Developing,71,198,4,8.44,46,0,72,76,0.2,5,6.1,182883,429.71554,2.3,,
Ukraine,2012,Developing,77,25,5,8.44,46,12746,72,76,0.2,5,59.6,1892413,3855.42128,2.4,,
Ukraine,2011,Developing,75,24,5,8.48,21,1333,54,5,0.2,5,59,1965211,3569.75727,2.4,,
Ukraine,2010,Developing,69.8,212,5,8.39,48,39,57,52,0.2,6,58.5,114511,2965.142365,2.4,,
Ukraine,2009,Developing,69.2,231,5,8.71,66,0,74,71,0.3,6,58,1114899,2545.48341,2.5,,
Ukraine,2008,Developing,67.7,273,5,9.46,84,48,91,9,0.4,6,57.6,11121341,3891.37823,2.5,,
Ukraine,2007,Developing,67.5,277,5,8.86,92,1005,98,98,0.7,6,57.2,111717,368.68998,2.5,,
Ukraine,2006,Developing,67.7,267,5,7.99,96,42724,99,98,0.8,6,56.8,1177841,233.18831,2.6,,
Ukraine,2005,Developing,67,278,5,7.31,97,2392,95,96,0.9,6,56.4,1148473,1828.717626,2.7,,
Ukraine,2004,Developing,67.4,267,5,6.79,98,146,99,99,1,6,56.1,112362,1367.352433,2.7,,
Ukraine,2003,Developing,67.6,256,6,5.92,77,411,99,97,0.9,6,55.7,1987314,148.522488,2.8,,
Ukraine,2002,Developing,67.6,256,6,4.89,48,7587,99,99,0.9,7,55.4,1955141,879.475486,2.9,,
Ukraine,2001,Developing,67.7,253,6,4.31,7,16970,99,99,0.8,7,55.1,19287,78.738243,2.9,,
Ukraine,2000,Developing,67.5,257,6,4.49,4,817,99,99,0.7,8,54.8,19222,635.789635,3,,
United Arab Emirates,2015,Developing,77.1,75,1,,99,347,99,99,0.1,1,64.2,1862132,3911.74689,5.3,,
United Arab Emirates,2014,Developing,76.9,77,1,1.91,99,344,99,99,0.1,1,62.4,18588,44449.7435,5.2,,
United Arab Emirates,2013,Developing,76.7,78,1,1.82,98,0,98,98,0.1,1,6.5,,4335.64268,5.2,,
United Arab Emirates,2012,Developing,76.5,8,1,1.75,96,132,96,96,0.1,1,58.6,,42112.23565,5.1,,
United Arab Emirates,2011,Developing,76.3,81,1,1.73,95,0,95,95,0.1,1,57.1,,4462.3129,5.1,,
United Arab Emirates,2010,Developing,76.2,82,1,1.69,94,87,94,94,0.1,1,55.8,,3549.14832,5.1,,
United Arab Emirates,2009,Developing,76,84,1,1.73,93,0,94,93,0.1,1,55.1,,3372.57517,5.1,,
United Arab Emirates,2008,Developing,75.8,85,1,1.86,92,55,94,92,0.1,1,54.8,,45758.9554,5.1,,
United Arab Emirates,2007,Developing,75.6,87,1,1.69,92,0,94,92,0.1,1,55.1,,42672.61323,5.1,,12.9
United Arab Emirates,2006,Developing,75.4,89,1,1.74,92,0,94,92,0.1,1,55.8,,42372.22166,5.1,,12.8
United Arab Emirates,2005,Developing,75.3,92,1,1.79,92,29,94,94,0.1,1,56.6,,39439.8197,5.1,,12.6
United Arab Emirates,2004,Developing,75.1,95,1,1.77,92,22,94,94,0.1,1,57,,36161.1761,5.2,,12.4
United Arab Emirates,2003,Developing,74.9,98,1,1.74,92,42,94,94,0.1,1,56.8,,3323.52318,5.2,,12.3
United Arab Emirates,2002,Developing,74.7,11,1,1.72,92,53,94,94,0.1,1,56,,31311.35936,5.3,,12.1
United Arab Emirates,2001,Developing,74.5,14,1,1.67,92,30,94,94,0.1,1,55,,3161.52935,5.3,,12
United Arab Emirates,2000,Developing,74.2,17,1,1.64,92,69,94,94,0.1,1,54.1,,3371.26869,5.4,,11.8
United Kingdom of Great Britain and Northern Ireland,2015,Developed,81.2,69,3,10.66,,91,96,96,0.1,4,66.6,,,0.8,,
United Kingdom of Great Britain and Northern Ireland,2014,Developed,81,71,3,10.37,,133,95,95,0.1,4,66,,,0.8,,
United Kingdom of Great Britain and Northern Ireland,2013,Developed,87,72,3,10.32,,1919,95,95,0.1,4,65.4,16252429,,0.8,,
United Kingdom of Great Britain and Northern Ireland,2012,Developed,86,72,3,10.42,,2092,95,95,0.1,4,64.8,15923559,,0.8,,
United Kingdom of Great Britain and Northern Ireland,2011,Developed,86,74,3,10.68,,1112,95,95,0.1,4,64.2,15596214,,0.8,,
United Kingdom of Great Britain and Northern Ireland,2010,Developed,82,77,3,10.88,,443,94,94,0.1,4,63.6,1527156,,0.8,,
United Kingdom of Great Britain and Northern Ireland,2009,Developed,81,78,4,10.79,,1212,93,93,0.1,4,63.1,14948919,,0.8,,
United Kingdom of Great Britain and Northern Ireland,2008,Developed,79.6,8,4,11.47,,1445,92,92,0.1,4,62.5,1463417,,0.8,,
United Kingdom of Great Britain and Northern Ireland,2007,Developed,79.5,8,4,11.84,,1022,92,92,0.1,4,61.9,1431628,,0.7,,
United Kingdom of Great Britain and Northern Ireland,2006,Developed,79.3,82,4,11.61,,764,92,92,0.1,4,61.3,146366,,0.7,,
United Kingdom of Great Britain and Northern Ireland,2005,Developed,79,82,4,12.05,,79,91,91,0.1,4,6.7,137286,,0.7,,
United Kingdom of Great Britain and Northern Ireland,2004,Developed,78.8,83,4,12.22,,189,92,92,0.1,4,6.1,133978,,0.7,,
United Kingdom of Great Britain and Northern Ireland,2003,Developed,78.3,86,4,11.85,,460,91,91,0.1,4,59.5,139628,,0.7,,
United Kingdom of Great Britain and Northern Ireland,2002,Developed,78.2,87,4,11.44,,314,91,91,0.1,4,58.8,12796925,,0.7,,
United Kingdom of Great Britain and Northern Ireland,2001,Developed,78,88,4,10.91,,73,91,91,0.1,4,58.2,125478,,0.7,,
United Kingdom of Great Britain and Northern Ireland,2000,Developed,77.8,89,4,10.59,,104,91,91,0.1,5,57.5,1228848,,0.7,,
United States of America,2015,Developed,79.3,13,23,,92,188,93,95,0.1,26,69.6,11924946,,0.8,,
United States of America,2014,Developed,79.1,14,23,8.82,92,667,93,95,0.1,27,69.1,1165743,,0.8,,
United States of America,2013,Developed,78.9,16,23,8.82,91,187,93,94,0.1,27,68.6,1291533,,0.7,,
United States of America,2012,Developed,78.8,16,24,8.82,9,55,93,94,0.1,28,68,118559,,0.7,,
United States of America,2011,Developed,78.7,16,25,8.67,91,220,94,96,0.1,29,67.5,11536615,,0.7,,
United States of America,2010,Developed,78.7,15,25,8.55,92,63,93,95,0.1,30,66.9,11281469,,0.7,,
United States of America,2009,Developed,78.5,18,26,8.71,92,71,93,95,0.1,31,66.3,113517,,0.7,,
United States of America,2008,Developed,78.2,18,27,8.74,94,140,94,96,0.1,31,65.7,179417,,0.7,,
United States of America,2007,Developed,78.1,11,27,8.74,93,43,93,96,0.1,32,65.1,1556524,,0.7,,
United States of America,2006,Developed,77.8,113,28,8.63,93,55,93,96,0.1,33,64.4,1323142,,0.7,,
United States of America,2005,Developed,77.5,112,28,8.52,93,66,92,96,0.1,33,63.8,196727,,0.7,,
United States of America,2004,Developed,77.5,111,28,8.48,92,37,92,96,0.1,33,63.1,9881428,,0.7,,
United States of America,2003,Developed,77.2,114,28,8.4,92,56,91,96,0.1,33,62.4,9679745,,0.7,,
United States of America,2002,Developed,77,115,28,8.33,88,41,9,94,0.1,33,61.7,949229,,0.8,,
United States of America,2001,Developed,76.9,115,28,8.25,89,116,89,94,0.1,33,6.9,939848,,0.8,,
United States of America,2000,Developed,76.8,114,28,8.21,9,85,9,94,0.1,33,6.1,9137345,,0.8,,
Uruguay,2015,Developing,77,116,0,,95,0,95,95,0.1,0,64,8971139,15524.84247,1.5,,15.5
Uruguay,2014,Developing,76.8,117,0,6.03,95,0,95,95,0.1,0,63.4,888546,16737.89827,1.5,,15.5
Uruguay,2013,Developing,76.8,117,0,5.82,94,0,94,94,0.1,0,62.9,177526,16881.2568,1.5,,15.5
Uruguay,2012,Developing,76.5,118,0,5.77,95,0,95,95,0.1,0,62.3,1725744,1592.6819,1.5,,15.5
Uruguay,2011,Developing,77,111,0,5.97,95,0,95,95,0.1,1,61.8,1681495,14166.4998,1.5,,15.5
Uruguay,2010,Developing,76.3,118,0,6.21,95,0,95,95,0.1,1,61.2,1638139,11938.212,1.5,,15.6
Uruguay,2009,Developing,76.6,118,0,6.67,95,0,95,95,0.1,1,6.7,1596154,9415.17386,1.5,,15.5
Uruguay,2008,Developing,76.4,119,1,6.76,94,0,94,94,0.1,1,6.1,155588,962.312164,1.6,,15.7
Uruguay,2007,Developing,75.4,124,1,6.67,94,0,94,94,0.1,1,59.5,1517448,79.69746,1.6,,15.3
Uruguay,2006,Developing,76.2,117,1,6.58,95,0,95,95,0.1,1,58.9,148841,5877.87678,1.6,,15.2
Uruguay,2005,Developing,75.7,123,1,6.35,96,0,96,96,0.1,1,58.3,1445958,522.951116,1.6,,15.5
Uruguay,2004,Developing,75.4,122,1,5.66,94,0,95,94,0.1,1,57.7,1412669,4117.38853,1.7,,15.5
Uruguay,2003,Developing,75.4,121,1,5.11,91,0,91,91,0.1,1,57,138838,3622.52284,1.7,,15
Uruguay,2002,Developing,75.4,124,1,5.86,95,0,93,95,0.1,1,56.3,135345,488.768855,1.7,,14.7
Uruguay,2001,Developing,75.2,123,1,6.48,94,0,94,94,0.1,1,55.7,132122,6281.37747,1.8,,14.2
Uruguay,2000,Developing,75.1,131,1,6.65,92,0,92,9,0.1,1,55,1293523,6871.897677,1.8,,14
Viet Nam,2015,Developing,76,127,28,,97,256,97,97,0.1,35,17.5,1267512,,14.2,,12.6
Viet Nam,2014,Developing,75.9,128,28,4.09,95,15033,96,95,0.1,35,16.7,1243229,,14.3,,12.5
Viet Nam,2013,Developing,75.7,129,28,4,59,1123,93,59,0.1,35,16,768514,,14.3,,12.3
Viet Nam,2012,Developing,75.6,13,29,4.12,97,578,97,97,0.1,36,15.3,763393,,14.4,,12.2
Viet Nam,2011,Developing,75.4,131,29,3.94,95,750,96,95,0.1,36,14.7,75881,,14.4,,12
Viet Nam,2010,Developing,75.2,133,29,3.93,88,2809,94,93,0.1,35,14,75391,,14.5,,11.9
Viet Nam,2009,Developing,75,134,29,3.86,94,6582,97,96,0.1,35,13.4,7491,,14.6,,11.7
Viet Nam,2008,Developing,74.9,135,28,3.58,87,352,93,93,0.2,35,12.9,746556,,14.7,,11.6
Viet Nam,2007,Developing,74.7,136,28,3.01,67,17,92,92,0.2,35,12.3,745693,,14.9,,11.4
Viet Nam,2006,Developing,74.6,136,28,2.56,93,1978,94,94,0.2,35,11.8,746314,,15.1,,11.3
Viet Nam,2005,Developing,74.4,136,29,2.7,94,410,94,95,0.2,36,11.3,747869,,15.3,,11.1
Viet Nam,2004,Developing,74.2,136,29,2.86,94,217,96,96,0.2,36,1.9,74961,,15.4,,11
Viet Nam,2003,Developing,74,137,30,2.19,78,2297,96,99,0.2,37,1.4,75946,,15.6,,10.9
Viet Nam,2002,Developing,73.8,137,30,2.03,,6755,92,75,0.2,39,1,751652,,15.6,,10.7
Viet Nam,2001,Developing,73.6,138,32,1.84,,12058,96,96,0.1,41,9.6,751857,,15.7,,10.6
Viet Nam,2000,Developing,73.4,139,33,1.6,,16512,96,96,0.1,43,9.2,751884,,15.8,,10.4
Zimbabwe,2015,Developing,67,336,22,,87,0,88,87,6.2,32,31.8,752263,118.69383,5.6,,10.3
Zimbabwe,2014,Developing,59.2,371,23,6.5,91,0,92,91,6.3,34,31.3,75331,127.47462,5.9,,10.3
Zimbabwe,2013,Developing,58,399,25,6.39,95,0,95,95,6.8,36,3.8,171161,111.227396,6.2,,10.4
Zimbabwe,2012,Developing,56.6,429,26,6.09,97,0,95,95,8.8,39,3.3,1572466,955.648466,6.5,,9.8
Zimbabwe,2011,Developing,54.9,464,28,6,94,0,93,93,13.3,42,29.9,1431776,839.927936,6.8,,10.1
Zimbabwe,2010,Developing,52.4,527,29,5.21,9,9696,89,89,15.7,44,29.4,128921,713.63562,7.1,,10
Zimbabwe,2009,Developing,50,587,30,4.64,73,853,69,73,18.1,45,29,114554,65.824121,7.5,,9.9
Zimbabwe,2008,Developing,48.2,632,30,3.56,75,0,75,75,20.5,46,28.6,9999617,325.678573,7.8,,9.7
Zimbabwe,2007,Developing,46.6,67,29,3.88,72,242,73,73,23.7,46,28.2,985287,396.9982166,8.2,,9.6
Zimbabwe,2006,Developing,45.4,7,28,4.57,68,212,71,7,26.8,45,27.9,97529,414.796232,8.6,,9.5
Zimbabwe,2005,Developing,44.6,717,28,4.14,65,420,69,68,30.3,43,27.5,9556889,444.76575,9,,9.3
Zimbabwe,2004,Developing,44.3,723,27,4.36,68,31,67,65,33.6,42,27.1,949457,454.366654,9.4,,9.2
Zimbabwe,2003,Developing,44.5,715,26,4.06,7,998,7,68,36.7,41,26.7,926344,453.3511552,9.8,,9.5
Zimbabwe,2002,Developing,44.8,73,25,4.43,73,304,73,71,39.8,40,26.3,9119178,57.34834,1.2,,10
Zimbabwe,2001,Developing,45.3,686,25,1.72,76,529,76,75,42.1,39,25.9,8976552,548.587312,1.6,,9.8
Zimbabwe,2000,Developing,46,665,24,1.68,79,1483,78,78,43.5,39,25.5,8834733,547.3588785,11,,9.8
